,neg,neu,pos,compound,word_count
0,0.0,1.0,0.0,0.0,17
1,0.0,1.0,0.0,0.0,5
2,0.0,0.884,0.116,0.4871,25
3,0.0,1.0,0.0,0.0,3
4,0.0,1.0,0.0,0.0,21
5,0.141,0.859,0.0,-0.2023,13
6,0.0,1.0,0.0,0.0,11
7,0.0,1.0,0.0,0.0,46
8,0.0,1.0,0.0,0.0,23
9,0.0,1.0,0.0,0.0,5
10,0.0,1.0,0.0,0.0,21
11,0.0,0.741,0.259,0.6369,13
12,0.0,1.0,0.0,0.0,6
13,0.0,1.0,0.0,0.0,4
14,0.0,1.0,0.0,0.0,6
15,0.0,1.0,0.0,0.0,24
16,0.0,1.0,0.0,0.0,10
17,0.0,1.0,0.0,0.0,13
18,0.0,1.0,0.0,0.0,15
19,0.231,0.769,0.0,-0.34,9
20,0.17,0.567,0.262,0.3182,10
21,0.0,1.0,0.0,0.0,27
22,0.0,0.918,0.082,0.0422,17
23,0.0,1.0,0.0,0.0,5
24,0.0,1.0,0.0,0.0,9
25,0.0,0.508,0.492,0.4404,4
26,0.0,0.476,0.524,0.5106,4
27,0.267,0.534,0.198,-0.2263,11
28,0.0,1.0,0.0,0.0,7
29,0.087,0.913,0.0,-0.3182,25
30,0.0,1.0,0.0,0.0,7
31,0.0,1.0,0.0,0.0,8
32,0.0,1.0,0.0,0.0,8
33,0.149,0.851,0.0,-0.1027,9
34,0.0,1.0,0.0,0.0,6
35,0.0,1.0,0.0,0.0,5
36,0.0,1.0,0.0,0.0,8
37,0.0,1.0,0.0,0.0,8
38,0.0,1.0,0.0,0.0,7
39,0.0,1.0,0.0,0.0,14
40,0.16,0.84,0.0,-0.2732,12
41,0.0,1.0,0.0,0.0,6
42,0.0,0.839,0.161,0.3612,14
43,0.268,0.732,0.0,-0.296,7
44,0.0,1.0,0.0,0.0,4
45,0.0,0.61,0.39,0.4939,6
46,0.0,1.0,0.0,0.0,7
47,0.0,1.0,0.0,0.0,13
48,0.0,0.8,0.2,0.128,8
49,0.0,1.0,0.0,0.0,7
50,0.0,1.0,0.0,0.0,10
51,0.0,0.612,0.388,0.2263,5
52,0.0,1.0,0.0,0.0,8
53,0.0,0.853,0.147,0.2263,13
54,0.0,1.0,0.0,0.0,7
55,0.0,1.0,0.0,0.0,5
56,0.0,1.0,0.0,0.0,8
57,0.0,1.0,0.0,0.0,10
58,0.0,1.0,0.0,0.0,15
59,0.0,0.619,0.381,0.5719,8
60,0.0,1.0,0.0,0.0,18
61,0.0,0.787,0.213,0.2263,8
62,0.202,0.591,0.207,0.2716,14
63,0.0,1.0,0.0,0.0,9
64,0.0,1.0,0.0,0.0,11
65,0.0,1.0,0.0,0.0,10
66,0.0,1.0,0.0,0.0,18
67,0.0,1.0,0.0,0.0,12
68,0.0,1.0,0.0,0.0,17
69,0.186,0.814,0.0,-0.1531,8
70,0.167,0.833,0.0,-0.1531,9
71,0.275,0.725,0.0,-0.2263,8
72,0.0,1.0,0.0,0.0,8
73,0.0,1.0,0.0,0.0,3
74,0.0,1.0,0.0,0.0,16
75,0.0,1.0,0.0,0.0,6
76,0.0,1.0,0.0,0.0,28
77,0.142,0.755,0.102,-0.228,22
78,0.0,0.392,0.608,0.4767,3
79,0.2,0.8,0.0,-0.6956,20
80,0.0,1.0,0.0,0.0,8
81,0.0,1.0,0.0,0.0,7
82,0.0,1.0,0.0,0.0,18
83,0.0,0.902,0.098,0.0772,15
84,0.0,0.92,0.08,0.0772,18
85,0.0,0.906,0.094,0.4588,30
86,0.0,0.805,0.195,0.4404,14
87,0.0,1.0,0.0,0.0,12
88,0.0,1.0,0.0,0.0,10
89,0.0,1.0,0.0,0.0,6
90,0.179,0.575,0.246,0.2617,11
91,0.0,0.833,0.167,0.4939,17
92,0.0,0.791,0.209,0.4404,13
93,0.118,0.749,0.134,0.0772,17
94,0.0,1.0,0.0,0.0,4
95,0.0,1.0,0.0,0.0,14
96,0.0,1.0,0.0,0.0,7
97,0.0,0.857,0.143,0.4588,28
98,0.0,1.0,0.0,0.0,9
99,0.0,1.0,0.0,0.0,5
100,0.0,1.0,0.0,0.0,8
101,0.066,0.822,0.112,0.4005,32
102,0.0,1.0,0.0,0.0,4
103,0.608,0.392,0.0,-0.4767,3
104,0.0,1.0,0.0,0.0,6
105,0.0,0.588,0.412,0.5994,9
106,0.0,1.0,0.0,0.0,4
107,0.0,1.0,0.0,0.0,3
108,0.0,1.0,0.0,0.0,12
109,0.268,0.732,0.0,-0.296,7
110,0.0,1.0,0.0,0.0,7
111,0.0,1.0,0.0,0.0,12
112,0.0,1.0,0.0,0.0,9
113,0.0,1.0,0.0,0.0,11
114,0.0,0.0,1.0,0.5574,1
115,0.0,1.0,0.0,0.0,4
116,0.389,0.611,0.0,-0.7901,14
117,0.102,0.792,0.106,0.0258,29
118,0.306,0.694,0.0,-0.296,6
119,0.0,1.0,0.0,0.0,5
120,0.0,1.0,0.0,0.0,5
121,0.0,0.488,0.512,0.4847,4
122,0.494,0.506,0.0,-0.5994,5
123,0.236,0.764,0.0,-0.4184,10
124,0.375,0.625,0.0,-0.2023,4
125,0.065,0.935,0.0,-0.25,33
126,0.0,1.0,0.0,0.0,5
127,0.0,1.0,0.0,0.0,6
128,0.0,0.737,0.263,0.3612,9
129,0.0,1.0,0.0,0.0,5
130,0.0,0.8,0.2,0.3612,12
131,0.0,1.0,0.0,0.0,6
132,0.0,1.0,0.0,0.0,2
133,0.0,1.0,0.0,0.0,8
134,0.0,1.0,0.0,0.0,4
135,0.0,1.0,0.0,0.0,12
136,0.0,1.0,0.0,0.0,5
137,0.42,0.58,0.0,-0.4404,5
138,0.0,1.0,0.0,0.0,16
139,0.149,0.851,0.0,-0.2732,14
140,0.0,1.0,0.0,0.0,9
141,0.0,1.0,0.0,0.0,7
142,0.111,0.889,0.0,-0.25,17
143,0.0,1.0,0.0,0.0,9
144,0.237,0.697,0.066,-0.7096,24
145,0.0,0.706,0.294,0.6124,14
146,0.0,1.0,0.0,0.0,5
147,0.174,0.826,0.0,-0.2263,10
148,0.0,1.0,0.0,0.0,13
149,0.0,0.565,0.435,0.6597,9
150,0.0,1.0,0.0,0.0,11
151,0.0,0.709,0.291,0.6249,12
152,0.0,1.0,0.0,0.0,9
153,0.0,1.0,0.0,0.0,13
154,0.0,1.0,0.0,0.0,12
155,0.125,0.875,0.0,-0.25,15
156,0.0,1.0,0.0,0.0,4
157,0.0,0.785,0.215,0.6249,16
158,0.0,1.0,0.0,0.0,4
159,0.0,1.0,0.0,0.0,15
160,0.0,1.0,0.0,0.0,4
161,0.0,0.738,0.262,0.4939,10
162,0.0,0.944,0.056,0.3612,44
163,0.0,1.0,0.0,0.0,10
164,0.0,1.0,0.0,0.0,11
165,0.0,1.0,0.0,0.0,9
166,0.119,0.881,0.0,-0.5764,39
167,0.0,1.0,0.0,0.0,10
168,0.0,0.549,0.451,0.6249,7
169,0.0,1.0,0.0,0.0,11
170,0.231,0.769,0.0,-0.2023,7
171,0.0,1.0,0.0,0.0,19
172,0.0,1.0,0.0,0.0,5
173,0.0,1.0,0.0,0.0,4
174,0.0,1.0,0.0,0.0,17
175,0.0,1.0,0.0,0.0,27
176,0.0,1.0,0.0,0.0,10
177,0.0,1.0,0.0,0.0,10
178,0.0,1.0,0.0,0.0,22
179,0.0,1.0,0.0,0.0,15
180,0.0,1.0,0.0,0.0,5
181,0.0,1.0,0.0,0.0,9
182,0.0,1.0,0.0,0.0,3
183,0.0,1.0,0.0,0.0,3
184,0.0,0.541,0.459,0.5267,5
185,0.262,0.738,0.0,-0.5994,15
186,0.0,1.0,0.0,0.0,2
187,0.0,1.0,0.0,0.0,13
188,0.0,1.0,0.0,0.0,19
189,0.0,1.0,0.0,0.0,6
190,0.0,1.0,0.0,0.0,5
191,0.0,1.0,0.0,0.0,16
192,0.0,1.0,0.0,0.0,4
193,0.0,0.677,0.323,0.3359,6
194,0.0,0.775,0.225,0.4939,12
195,0.0,0.536,0.464,0.3818,4
196,0.0,1.0,0.0,0.0,6
197,0.0,1.0,0.0,0.0,12
198,0.0,1.0,0.0,0.0,4
199,0.13,0.87,0.0,-0.2732,15
200,0.0,0.5,0.5,0.4588,4
201,0.0,0.786,0.214,0.4588,12
202,0.0,1.0,0.0,0.0,6
203,0.0,0.833,0.167,0.4588,17
204,0.0,1.0,0.0,0.0,13
205,0.0,1.0,0.0,0.0,25
206,0.0,0.618,0.382,0.7783,13
207,0.0,0.815,0.185,0.3612,12
208,0.0,0.949,0.051,0.34,46
209,0.0,0.5,0.5,0.7184,9
210,0.0,1.0,0.0,0.0,8
211,0.0,1.0,0.0,0.0,6
212,0.0,1.0,0.0,0.0,5
213,0.0,0.331,0.669,0.8442,6
214,0.0,0.513,0.487,0.5859,6
215,0.0,1.0,0.0,0.0,4
216,0.0,0.857,0.143,0.4588,21
217,0.0,1.0,0.0,0.0,8
218,0.0,0.881,0.119,0.4019,21
219,0.0,1.0,0.0,0.0,9
220,0.0,1.0,0.0,0.0,7
221,0.239,0.435,0.326,0.2023,6
222,0.0,0.6,0.4,0.5165,6
223,0.0,0.558,0.442,0.8591,17
224,0.0,0.617,0.383,0.4767,6
225,0.0,1.0,0.0,0.0,6
226,0.0,1.0,0.0,0.0,9
227,0.0,1.0,0.0,0.0,19
228,0.0,1.0,0.0,0.0,6
229,0.187,0.813,0.0,-0.3182,11
230,0.221,0.779,0.0,-0.6249,21
231,0.0,1.0,0.0,0.0,4
232,0.467,0.533,0.0,-0.5423,5
233,0.0,1.0,0.0,0.0,5
234,0.437,0.563,0.0,-0.3252,4
235,0.0,1.0,0.0,0.0,5
236,0.0,1.0,0.0,0.0,6
237,0.0,1.0,0.0,0.0,13
238,0.152,0.848,0.0,-0.8271,46
239,0.0,1.0,0.0,0.0,5
240,0.0,1.0,0.0,0.0,4
241,0.0,1.0,0.0,0.0,13
242,0.0,1.0,0.0,0.0,5
243,0.0,1.0,0.0,0.0,5
244,0.0,1.0,0.0,0.0,6
245,0.0,1.0,0.0,0.0,11
246,0.0,1.0,0.0,0.0,13
247,0.0,1.0,0.0,0.0,6
248,0.0,1.0,0.0,0.0,5
249,0.272,0.728,0.0,-0.4574,11
250,0.0,1.0,0.0,0.0,8
251,0.167,0.833,0.0,-0.1027,9
252,0.0,1.0,0.0,0.0,11
253,0.0,0.766,0.234,0.7073,17
254,0.0,1.0,0.0,0.0,6
255,0.0,1.0,0.0,0.0,10
256,0.0,1.0,0.0,0.0,24
257,0.15,0.85,0.0,-0.3182,16
258,0.0,1.0,0.0,0.0,7
259,0.0,1.0,0.0,0.0,8
260,0.0,0.545,0.455,0.3612,4
261,0.0,0.545,0.455,0.3612,4
262,0.0,0.545,0.455,0.3612,4
263,0.0,0.839,0.161,0.3612,14
264,0.275,0.465,0.26,-0.1027,16
265,0.0,1.0,0.0,0.0,8
266,0.0,1.0,0.0,0.0,3
267,0.0,1.0,0.0,0.0,5
268,0.0,1.0,0.0,0.0,15
269,0.0,1.0,0.0,0.0,4
270,0.198,0.541,0.261,0.1779,8
271,0.296,0.704,0.0,-0.2732,6
272,0.0,1.0,0.0,0.0,6
273,0.0,1.0,0.0,0.0,5
274,0.0,1.0,0.0,0.0,11
275,0.259,0.741,0.0,-0.4215,9
276,0.221,0.779,0.0,-0.5267,14
277,0.0,0.595,0.405,0.5267,6
278,0.0,1.0,0.0,0.0,7
279,0.0,1.0,0.0,0.0,4
280,0.0,1.0,0.0,0.0,6
281,0.358,0.642,0.0,-0.4201,6
282,0.0,1.0,0.0,0.0,12
283,0.0,1.0,0.0,0.0,6
284,0.0,1.0,0.0,0.0,7
285,0.137,0.863,0.0,-0.4019,20
286,0.0,1.0,0.0,0.0,6
287,0.0,1.0,0.0,0.0,12
288,0.0,1.0,0.0,0.0,6
289,0.0,1.0,0.0,0.0,4
290,0.355,0.645,0.0,-0.296,5
291,0.196,0.804,0.0,-0.296,10
292,0.0,1.0,0.0,0.0,3
293,0.0,1.0,0.0,0.0,4
294,0.0,1.0,0.0,0.0,4
295,0.0,1.0,0.0,0.0,10
296,0.0,0.752,0.248,0.5106,11
297,0.0,1.0,0.0,0.0,23
298,0.0,1.0,0.0,0.0,6
299,0.0,1.0,0.0,0.0,6
300,0.0,1.0,0.0,0.0,9
301,0.0,1.0,0.0,0.0,10
302,0.0,1.0,0.0,0.0,5
303,0.0,1.0,0.0,0.0,7
304,0.0,1.0,0.0,0.0,11
305,0.0,1.0,0.0,0.0,6
306,0.381,0.619,0.0,-0.5106,9
307,0.0,0.86,0.14,0.6369,34
308,0.0,1.0,0.0,0.0,6
309,0.0,1.0,0.0,0.0,12
310,0.0,1.0,0.0,0.0,6
311,0.0,1.0,0.0,0.0,5
312,0.0,0.862,0.138,0.6597,44
313,0.0,1.0,0.0,0.0,7
314,0.0,1.0,0.0,0.0,7
315,0.0,1.0,0.0,0.0,4
316,0.0,1.0,0.0,0.0,4
317,0.0,1.0,0.0,0.0,8
318,0.0,1.0,0.0,0.0,22
319,0.121,0.879,0.0,-0.4404,22
320,0.0,1.0,0.0,0.0,9
321,0.0,1.0,0.0,0.0,4
322,0.185,0.656,0.159,-0.126,14
323,0.0,1.0,0.0,0.0,5
324,0.0,1.0,0.0,0.0,6
325,0.186,0.814,0.0,-0.1531,9
326,0.438,0.562,0.0,-0.5994,6
327,0.0,1.0,0.0,0.0,12
328,0.0,1.0,0.0,0.0,6
329,0.0,1.0,0.0,0.0,9
330,0.0,1.0,0.0,0.0,17
331,0.102,0.898,0.0,-0.5255,34
332,0.444,0.556,0.0,-0.34,4
333,0.0,1.0,0.0,0.0,10
334,0.0,1.0,0.0,0.0,11
335,0.174,0.826,0.0,-0.2732,12
336,0.0,1.0,0.0,0.0,1
337,0.2,0.8,0.0,-0.5423,23
338,0.0,1.0,0.0,0.0,14
339,0.0,1.0,0.0,0.0,1
340,0.0,1.0,0.0,0.0,16
341,0.115,0.885,0.0,-0.5994,34
342,0.0,0.773,0.227,0.6249,16
343,0.044,0.755,0.201,0.7184,28
344,0.08,0.92,0.0,-0.2732,26
345,0.0,1.0,0.0,0.0,9
346,0.223,0.777,0.0,-0.3182,9
347,0.0,1.0,0.0,0.0,3
348,0.0,0.753,0.247,0.7125,18
349,0.0,1.0,0.0,0.0,5
350,0.0,1.0,0.0,0.0,6
351,0.0,0.599,0.401,0.8415,14
352,0.0,1.0,0.0,0.0,7
353,0.216,0.784,0.0,-0.296,9
354,0.0,0.417,0.583,0.6369,4
355,0.0,1.0,0.0,0.0,4
356,0.0,1.0,0.0,0.0,3
357,0.0,1.0,0.0,0.0,12
358,0.0,1.0,0.0,0.0,5
359,0.0,1.0,0.0,0.0,4
360,0.0,1.0,0.0,0.0,8
361,0.0,1.0,0.0,0.0,6
362,0.0,1.0,0.0,0.0,10
363,0.0,1.0,0.0,0.0,13
364,0.0,1.0,0.0,0.0,7
365,0.0,1.0,0.0,0.0,33
366,0.0,0.625,0.375,0.6369,8
367,0.0,1.0,0.0,0.0,6
368,0.0,0.909,0.091,0.3612,26
369,0.167,0.833,0.0,-0.1027,8
370,0.0,1.0,0.0,0.0,7
371,0.0,0.714,0.286,0.4939,10
372,0.0,1.0,0.0,0.0,9
373,0.078,0.922,0.0,-0.3832,34
374,0.0,0.905,0.095,0.2263,22
375,0.102,0.898,0.0,-0.1779,19
376,0.0,1.0,0.0,0.0,13
377,0.0,1.0,0.0,0.0,9
378,0.0,1.0,0.0,0.0,6
379,0.0,1.0,0.0,0.0,7
380,0.0,1.0,0.0,0.0,9
381,0.0,1.0,0.0,0.0,10
382,0.0,0.807,0.193,0.4767,15
383,0.0,1.0,0.0,0.0,6
384,0.0,1.0,0.0,0.0,9
385,0.0,1.0,0.0,0.0,11
386,0.0,1.0,0.0,0.0,3
387,0.0,1.0,0.0,0.0,12
388,0.0,1.0,0.0,0.0,8
389,0.0,0.693,0.307,0.4767,9
390,0.423,0.577,0.0,-0.296,4
391,0.0,1.0,0.0,0.0,9
392,0.0,1.0,0.0,0.0,4
393,0.0,1.0,0.0,0.0,4
394,0.0,1.0,0.0,0.0,5
395,0.0,0.625,0.375,0.6369,8
396,0.0,1.0,0.0,0.0,5
397,0.0,0.902,0.098,0.0772,15
398,0.524,0.476,0.0,-0.296,3
399,0.0,1.0,0.0,0.0,8
400,0.0,1.0,0.0,0.0,5
401,0.333,0.667,0.0,-0.25,5
402,0.0,0.783,0.217,0.3612,10
403,0.0,1.0,0.0,0.0,4
404,0.0,1.0,0.0,0.0,11
405,0.0,0.615,0.385,0.3612,7
406,0.0,0.916,0.084,0.2732,27
407,0.0,1.0,0.0,0.0,6
408,0.0,1.0,0.0,0.0,9
409,0.0,1.0,0.0,0.0,6
410,0.0,0.816,0.184,0.5574,17
411,0.0,0.705,0.295,0.5574,13
412,0.0,0.562,0.438,0.4404,8
413,0.0,1.0,0.0,0.0,10
414,0.0,1.0,0.0,0.0,13
415,0.0,1.0,0.0,0.0,5
416,0.0,0.426,0.574,0.6597,8
417,0.0,1.0,0.0,0.0,10
418,0.0,1.0,0.0,0.0,12
419,0.0,0.826,0.174,0.2732,12
420,0.0,0.729,0.271,0.3818,9
421,0.0,1.0,0.0,0.0,5
422,0.238,0.762,0.0,-0.3612,9
423,0.0,1.0,0.0,0.0,14
424,0.146,0.854,0.0,-0.4404,18
425,0.0,0.865,0.135,0.3612,17
426,0.0,1.0,0.0,0.0,2
427,0.0,0.696,0.304,0.5423,10
428,0.0,1.0,0.0,0.0,8
429,0.0,1.0,0.0,0.0,9
430,0.0,1.0,0.0,0.0,10
431,0.333,0.476,0.19,-0.128,8
432,0.0,1.0,0.0,0.0,10
433,0.0,0.796,0.204,0.3182,12
434,0.375,0.625,0.0,-0.2023,6
435,0.182,0.818,0.0,-0.25,10
436,0.0,0.821,0.179,0.5423,19
437,0.0,1.0,0.0,0.0,16
438,0.0,0.8,0.2,0.5423,16
439,0.0,1.0,0.0,0.0,6
440,0.261,0.579,0.16,-0.3384,11
441,0.0,1.0,0.0,0.0,4
442,0.0,1.0,0.0,0.0,2
443,0.0,1.0,0.0,0.0,3
444,0.0,1.0,0.0,0.0,3
445,0.0,1.0,0.0,0.0,9
446,0.0,0.597,0.403,0.4019,5
447,0.0,1.0,0.0,0.0,4
448,0.0,1.0,0.0,0.0,2
449,0.667,0.0,0.333,-0.2732,2
450,0.0,0.834,0.166,0.1513,9
451,0.0,1.0,0.0,0.0,4
452,0.0,1.0,0.0,0.0,12
453,0.0,1.0,0.0,0.0,10
454,0.0,0.714,0.286,0.4939,9
455,0.0,1.0,0.0,0.0,10
456,0.0,1.0,0.0,0.0,20
457,0.0,1.0,0.0,0.0,12
458,0.066,0.934,0.0,-0.2263,30
459,0.0,0.844,0.156,0.5423,21
460,0.0,1.0,0.0,0.0,3
461,0.0,1.0,0.0,0.0,4
462,0.0,1.0,0.0,0.0,17
463,0.0,1.0,0.0,0.0,16
464,0.0,0.758,0.242,0.4939,12
465,0.402,0.598,0.0,-0.8674,17
466,0.0,1.0,0.0,0.0,10
467,0.167,0.833,0.0,-0.296,13
468,0.0,1.0,0.0,0.0,15
469,0.205,0.795,0.0,-0.5574,15
470,0.147,0.853,0.0,-0.2263,13
471,0.0,1.0,0.0,0.0,11
472,0.0,1.0,0.0,0.0,21
473,0.0,0.741,0.259,0.4201,10
474,0.4,0.6,0.0,-0.7906,16
475,0.0,1.0,0.0,0.0,13
476,0.0,1.0,0.0,0.0,10
477,0.0,1.0,0.0,0.0,4
478,0.119,0.881,0.0,-0.3182,18
479,0.0,1.0,0.0,0.0,9
480,0.0,1.0,0.0,0.0,6
481,0.0,1.0,0.0,0.0,7
482,0.068,0.932,0.0,-0.2263,29
483,0.0,1.0,0.0,0.0,7
484,0.0,1.0,0.0,0.0,7
485,0.0,1.0,0.0,0.0,9
486,0.161,0.839,0.0,-0.3182,13
487,0.0,1.0,0.0,0.0,21
488,0.0,1.0,0.0,0.0,10
489,0.167,0.833,0.0,-0.25,11
490,0.096,0.904,0.0,-0.1759,18
491,0.0,1.0,0.0,0.0,8
492,0.0,1.0,0.0,0.0,6
493,0.0,1.0,0.0,0.0,10
494,0.0,0.931,0.069,0.2498,30
495,0.0,1.0,0.0,0.0,5
496,0.0,1.0,0.0,0.0,2
497,0.109,0.891,0.0,-0.5096,31
498,0.0,1.0,0.0,0.0,15
499,0.0,1.0,0.0,0.0,20
500,0.0,1.0,0.0,0.0,8
501,0.0,1.0,0.0,0.0,7
502,0.0,0.884,0.116,0.4404,26
503,0.0,0.788,0.212,0.5423,14
504,0.0,0.756,0.244,0.4404,10
505,0.0,1.0,0.0,0.0,17
506,0.0,0.577,0.423,0.765,11
507,0.0,1.0,0.0,0.0,15
508,0.0,1.0,0.0,0.0,8
509,0.0,1.0,0.0,0.0,4
510,0.0,1.0,0.0,0.0,5
511,0.0,1.0,0.0,0.0,3
512,0.0,1.0,0.0,0.0,10
513,0.0,1.0,0.0,0.0,29
514,0.0,1.0,0.0,0.0,4
515,0.0,1.0,0.0,0.0,6
516,0.0,1.0,0.0,0.0,14
517,0.0,0.706,0.294,0.3612,7
518,0.0,1.0,0.0,0.0,30
519,0.0,1.0,0.0,0.0,8
520,0.0,1.0,0.0,0.0,5
521,0.0,1.0,0.0,0.0,7
522,0.345,0.655,0.0,-0.3892,7
523,0.08,0.8,0.12,0.1779,17
524,0.0,1.0,0.0,0.0,7
525,0.0,0.737,0.263,0.3612,8
526,0.0,0.526,0.474,0.4019,6
527,0.0,1.0,0.0,0.0,5
528,0.141,0.859,0.0,-0.3182,15
529,0.0,0.874,0.126,0.3182,21
530,0.0,1.0,0.0,0.0,11
531,0.0,1.0,0.0,0.0,10
532,0.0,0.448,0.552,0.7125,5
533,0.0,1.0,0.0,0.0,8
534,0.0,0.763,0.237,0.4215,11
535,0.0,1.0,0.0,0.0,21
536,0.0,1.0,0.0,0.0,9
537,0.0,1.0,0.0,0.0,2
538,0.086,0.789,0.125,0.595,113
539,0.0,1.0,0.0,0.0,11
540,0.0,0.734,0.266,0.4404,9
541,0.0,1.0,0.0,0.0,15
542,0.0,1.0,0.0,0.0,8
543,0.0,0.87,0.13,0.1655,12
544,0.0,1.0,0.0,0.0,17
545,0.0,0.802,0.198,0.4939,16
546,0.0,1.0,0.0,0.0,14
547,0.238,0.762,0.0,-0.3612,10
548,0.0,1.0,0.0,0.0,7
549,0.0,0.845,0.155,0.7579,46
550,0.0,1.0,0.0,0.0,5
551,0.231,0.769,0.0,-0.0516,6
552,0.0,0.625,0.375,0.4588,6
553,0.0,1.0,0.0,0.0,31
554,0.0,1.0,0.0,0.0,11
555,0.0,1.0,0.0,0.0,6
556,0.293,0.707,0.0,-0.4404,9
557,0.0,1.0,0.0,0.0,6
558,0.0,1.0,0.0,0.0,8
559,0.0,1.0,0.0,0.0,7
560,0.0,1.0,0.0,0.0,2
561,0.0,1.0,0.0,0.0,8
562,0.0,0.839,0.161,0.3612,16
563,0.0,1.0,0.0,0.0,12
564,0.0,1.0,0.0,0.0,8
565,0.398,0.602,0.0,-0.6486,10
566,0.355,0.645,0.0,-0.296,5
567,0.0,0.763,0.237,0.4215,10
568,0.0,1.0,0.0,0.0,7
569,0.291,0.709,0.0,-0.5719,12
570,0.0,1.0,0.0,0.0,13
571,0.0,1.0,0.0,0.0,11
572,0.0,0.821,0.179,0.34,12
573,0.0,0.902,0.098,0.0772,14
574,0.0,1.0,0.0,0.0,7
575,0.0,1.0,0.0,0.0,45
576,0.0,1.0,0.0,0.0,6
577,0.0,0.762,0.238,0.3612,10
578,0.0,1.0,0.0,0.0,10
579,0.0,1.0,0.0,0.0,6
580,0.0,1.0,0.0,0.0,7
581,0.0,1.0,0.0,0.0,9
582,0.0,1.0,0.0,0.0,9
583,0.0,1.0,0.0,0.0,12
584,0.0,1.0,0.0,0.0,8
585,0.14,0.791,0.068,-0.4588,25
586,0.0,1.0,0.0,0.0,4
587,0.0,1.0,0.0,0.0,25
588,0.0,1.0,0.0,0.0,21
589,0.0,0.749,0.251,0.3291,9
590,0.0,0.867,0.133,0.7184,41
591,0.099,0.847,0.054,-0.2263,43
592,0.0,0.695,0.305,0.3875,7
593,0.0,0.928,0.072,0.4215,39
594,0.0,1.0,0.0,0.0,5
595,0.0,1.0,0.0,0.0,7
596,0.098,0.902,0.0,-0.3804,26
597,0.0,1.0,0.0,0.0,4
598,0.0,1.0,0.0,0.0,17
599,0.0,1.0,0.0,0.0,4
600,0.0,1.0,0.0,0.0,12
601,0.0,1.0,0.0,0.0,6
602,0.101,0.899,0.0,-0.2023,17
603,0.0,1.0,0.0,0.0,8
604,0.0,1.0,0.0,0.0,15
605,0.0,0.871,0.129,0.5719,26
606,0.0,1.0,0.0,0.0,1
607,0.0,1.0,0.0,0.0,16
608,0.0,1.0,0.0,0.0,11
609,0.0,1.0,0.0,0.0,9
610,0.0,1.0,0.0,0.0,24
611,0.0,1.0,0.0,0.0,31
612,0.065,0.707,0.228,0.6124,17
613,0.0,1.0,0.0,0.0,2
614,0.124,0.876,0.0,-0.1779,14
615,0.0,1.0,0.0,0.0,7
616,0.0,1.0,0.0,0.0,13
617,0.247,0.753,0.0,-0.5574,17
618,0.0,1.0,0.0,0.0,7
619,0.0,1.0,0.0,0.0,8
620,0.25,0.613,0.137,-0.34,19
621,0.0,1.0,0.0,0.0,6
622,0.0,0.766,0.234,0.7269,24
623,0.0,0.791,0.209,0.4404,14
624,0.0,1.0,0.0,0.0,2
625,0.0,0.602,0.398,0.765,14
626,0.0,1.0,0.0,0.0,7
627,0.085,0.915,0.0,-0.0516,15
628,0.0,0.852,0.148,0.5095,22
629,0.0,1.0,0.0,0.0,4
630,0.0,0.888,0.112,0.4404,25
631,0.0,1.0,0.0,0.0,7
632,0.0,0.704,0.296,0.6369,11
633,0.0,1.0,0.0,0.0,7
634,0.0,1.0,0.0,0.0,3
635,0.0,0.737,0.263,0.3612,8
636,0.457,0.543,0.0,-0.6369,6
637,0.0,1.0,0.0,0.0,8
638,0.0,1.0,0.0,0.0,5
639,0.216,0.784,0.0,-0.296,9
640,0.0,1.0,0.0,0.0,5
641,0.0,0.904,0.096,0.4939,32
642,0.203,0.797,0.0,-0.4228,12
643,0.07,0.883,0.047,-0.2263,39
644,0.0,1.0,0.0,0.0,8
645,0.0,1.0,0.0,0.0,17
646,0.107,0.821,0.071,-0.128,38
647,0.0,1.0,0.0,0.0,7
648,0.0,1.0,0.0,0.0,3
649,0.0,1.0,0.0,0.0,7
650,0.0,0.684,0.316,0.5719,9
651,0.0,1.0,0.0,0.0,7
652,0.0,0.714,0.286,0.4939,9
653,0.0,1.0,0.0,0.0,5
654,0.0,1.0,0.0,0.0,9
655,0.0,1.0,0.0,0.0,8
656,0.0,1.0,0.0,0.0,5
657,0.0,1.0,0.0,0.0,4
658,0.0,1.0,0.0,0.0,4
659,0.0,1.0,0.0,0.0,3
660,0.0,1.0,0.0,0.0,6
661,0.167,0.833,0.0,-0.0516,8
662,0.053,0.833,0.114,0.4939,32
663,0.0,0.888,0.112,0.2263,17
664,0.0,1.0,0.0,0.0,2
665,0.0,1.0,0.0,0.0,4
666,0.0,0.508,0.492,0.4404,4
667,0.186,0.508,0.305,0.1027,10
668,0.0,1.0,0.0,0.0,4
669,0.394,0.606,0.0,-0.5994,7
670,0.394,0.606,0.0,-0.5994,7
671,0.0,1.0,0.0,0.0,10
672,0.0,1.0,0.0,0.0,4
673,0.0,1.0,0.0,0.0,3
674,0.0,1.0,0.0,0.0,11
675,0.0,0.948,0.052,0.2023,35
676,0.0,1.0,0.0,0.0,5
677,0.0,0.775,0.225,0.4404,13
678,0.0,0.842,0.158,0.128,10
679,0.0,1.0,0.0,0.0,17
680,0.0,1.0,0.0,0.0,4
681,0.236,0.278,0.486,0.4215,4
682,0.128,0.872,0.0,-0.2263,16
683,0.0,1.0,0.0,0.0,5
684,0.0,0.687,0.313,0.743,20
685,0.0,1.0,0.0,0.0,6
686,0.275,0.725,0.0,-0.2263,6
687,0.0,1.0,0.0,0.0,6
688,0.0,0.859,0.141,0.2023,13
689,0.383,0.617,0.0,-0.4767,6
690,0.0,0.733,0.267,0.3724,8
691,0.0,1.0,0.0,0.0,10
692,0.0,0.484,0.516,0.4939,4
693,0.0,1.0,0.0,0.0,7
694,0.0,1.0,0.0,0.0,14
695,0.0,1.0,0.0,0.0,12
696,0.0,1.0,0.0,0.0,20
697,0.0,1.0,0.0,0.0,18
698,0.0,0.834,0.166,0.4927,21
699,0.0,1.0,0.0,0.0,10
700,0.0,0.699,0.301,0.7845,19
701,0.06,0.786,0.154,0.5423,35
702,0.306,0.694,0.0,-0.296,6
703,0.0,0.741,0.259,0.4215,10
704,0.0,1.0,0.0,0.0,10
705,0.213,0.787,0.0,-0.2263,8
706,0.0,1.0,0.0,0.0,7
707,0.0,0.738,0.262,0.7506,20
708,0.0,1.0,0.0,0.0,16
709,0.0,0.645,0.355,0.296,6
710,0.0,1.0,0.0,0.0,5
711,0.0,0.588,0.412,0.4939,8
712,0.0,0.588,0.412,0.4228,6
713,0.0,1.0,0.0,0.0,21
714,0.0,1.0,0.0,0.0,6
715,0.0,1.0,0.0,0.0,18
716,0.0,1.0,0.0,0.0,9
717,0.0,0.659,0.341,0.4767,7
718,0.0,1.0,0.0,0.0,13
719,0.0,1.0,0.0,0.0,10
720,0.0,1.0,0.0,0.0,12
721,0.0,0.705,0.295,0.6361,11
722,0.0,1.0,0.0,0.0,4
723,0.0,1.0,0.0,0.0,4
724,0.0,1.0,0.0,0.0,6
725,0.0,1.0,0.0,0.0,6
726,0.0,1.0,0.0,0.0,16
727,0.0,1.0,0.0,0.0,14
728,0.0,1.0,0.0,0.0,5
729,0.0,0.4,0.6,0.4588,3
730,0.0,1.0,0.0,0.0,3
731,0.0,1.0,0.0,0.0,14
732,0.0,1.0,0.0,0.0,9
733,0.0,0.74,0.26,0.8316,29
734,0.0,0.714,0.286,0.4939,9
735,0.0,1.0,0.0,0.0,5
736,0.0,0.848,0.152,0.3612,16
737,0.464,0.536,0.0,-0.3818,4
738,0.0,1.0,0.0,0.0,5
739,0.0,0.86,0.14,0.3818,17
740,0.0,1.0,0.0,0.0,7
741,0.0,1.0,0.0,0.0,8
742,0.0,0.625,0.375,0.2023,5
743,0.0,0.833,0.167,0.2023,13
744,0.0,0.707,0.293,0.4404,10
745,0.0,0.93,0.07,0.2023,27
746,0.0,1.0,0.0,0.0,10
747,0.0,1.0,0.0,0.0,4
748,0.0,1.0,0.0,0.0,18
749,0.0,0.826,0.174,0.2732,12
750,0.0,1.0,0.0,0.0,6
751,0.0,1.0,0.0,0.0,7
752,0.0,0.661,0.339,0.7717,18
753,0.0,0.591,0.409,0.765,15
754,0.0,1.0,0.0,0.0,13
755,0.0,0.694,0.306,0.6486,16
756,0.0,1.0,0.0,0.0,15
757,0.0,0.933,0.067,0.0772,20
758,0.0,0.843,0.157,0.0772,10
759,0.0,1.0,0.0,0.0,5
760,0.0,1.0,0.0,0.0,17
761,0.0,1.0,0.0,0.0,8
762,0.0,1.0,0.0,0.0,5
763,0.0,0.593,0.407,0.6705,11
764,0.0,0.862,0.138,0.4391,19
765,0.31,0.69,0.0,-0.2023,5
766,0.0,1.0,0.0,0.0,4
767,0.0,1.0,0.0,0.0,8
768,0.0,1.0,0.0,0.0,5
769,0.0,1.0,0.0,0.0,5
770,0.0,1.0,0.0,0.0,7
771,0.0,1.0,0.0,0.0,7
772,0.0,0.787,0.213,0.4019,12
773,0.0,1.0,0.0,0.0,5
774,0.325,0.333,0.342,0.0516,6
775,0.328,0.672,0.0,-0.5994,9
776,0.0,1.0,0.0,0.0,11
777,0.328,0.672,0.0,-0.5994,9
778,0.0,1.0,0.0,0.0,7
779,0.0,1.0,0.0,0.0,9
780,0.0,1.0,0.0,0.0,5
781,0.0,1.0,0.0,0.0,8
782,0.0,0.734,0.266,0.4404,10
783,0.0,0.615,0.385,0.3612,5
784,0.0,0.815,0.185,0.3612,12
785,0.223,0.777,0.0,-0.3182,10
786,0.168,0.611,0.221,0.1779,10
787,0.0,1.0,0.0,0.0,2
788,0.0,1.0,0.0,0.0,17
789,0.0,0.802,0.198,0.4939,14
790,0.194,0.538,0.269,0.1779,8
791,0.0,1.0,0.0,0.0,4
792,0.0,1.0,0.0,0.0,6
793,0.592,0.408,0.0,-0.7003,6
794,0.0,1.0,0.0,0.0,3
795,0.463,0.537,0.0,-0.7845,10
796,0.0,1.0,0.0,0.0,2
797,0.0,1.0,0.0,0.0,2
798,0.0,1.0,0.0,0.0,6
799,0.0,1.0,0.0,0.0,6
800,0.0,0.92,0.08,0.3818,34
801,0.0,0.75,0.25,0.4576,11
802,0.0,1.0,0.0,0.0,16
803,0.0,1.0,0.0,0.0,5
804,0.0,1.0,0.0,0.0,6
805,0.0,1.0,0.0,0.0,5
806,0.0,1.0,0.0,0.0,3
807,0.0,1.0,0.0,0.0,1
808,0.0,1.0,0.0,0.0,1
809,0.0,1.0,0.0,0.0,2
810,0.0,1.0,0.0,0.0,9
811,0.0,1.0,0.0,0.0,2
812,0.0,1.0,0.0,0.0,2
813,0.0,1.0,0.0,0.0,4
814,0.0,1.0,0.0,0.0,13
815,0.0,1.0,0.0,0.0,38
816,0.0,1.0,0.0,0.0,6
817,0.0,1.0,0.0,0.0,12
818,0.236,0.764,0.0,-0.5267,13
819,0.0,1.0,0.0,0.0,11
820,0.0,1.0,0.0,0.0,33
821,0.0,1.0,0.0,0.0,13
822,0.0,1.0,0.0,0.0,6
823,0.0,1.0,0.0,0.0,20
824,0.0,1.0,0.0,0.0,11
825,0.0,1.0,0.0,0.0,5
826,0.0,1.0,0.0,0.0,30
827,0.268,0.732,0.0,-0.296,7
828,0.0,1.0,0.0,0.0,15
829,0.275,0.725,0.0,-0.2263,7
830,0.0,0.77,0.23,0.3384,9
831,0.0,0.879,0.121,0.0258,9
832,0.0,0.818,0.182,0.4404,16
833,0.0,1.0,0.0,0.0,8
834,0.0,1.0,0.0,0.0,5
835,0.0,0.621,0.379,0.6696,13
836,0.0,1.0,0.0,0.0,13
837,0.0,1.0,0.0,0.0,6
838,0.0,1.0,0.0,0.0,6
839,0.0,1.0,0.0,0.0,10
840,0.0,1.0,0.0,0.0,5
841,0.0,1.0,0.0,0.0,12
842,0.0,1.0,0.0,0.0,2
843,0.0,1.0,0.0,0.0,9
844,0.0,1.0,0.0,0.0,6
845,0.0,1.0,0.0,0.0,12
846,0.0,1.0,0.0,0.0,6
847,0.0,1.0,0.0,0.0,7
848,0.0,1.0,0.0,0.0,9
849,0.0,1.0,0.0,0.0,16
850,0.0,1.0,0.0,0.0,10
851,0.0,1.0,0.0,0.0,23
852,0.0,1.0,0.0,0.0,2
853,0.0,1.0,0.0,0.0,6
854,0.0,0.732,0.268,0.5106,11
855,0.0,1.0,0.0,0.0,8
856,0.0,1.0,0.0,0.0,12
857,0.0,1.0,0.0,0.0,13
858,0.0,1.0,0.0,0.0,11
859,0.0,1.0,0.0,0.0,10
860,0.0,1.0,0.0,0.0,11
861,0.0,1.0,0.0,0.0,7
862,0.0,1.0,0.0,0.0,8
863,0.0,1.0,0.0,0.0,9
864,0.0,0.928,0.072,0.1027,21
865,0.0,0.763,0.237,0.4215,12
866,0.0,0.874,0.126,0.0772,10
867,0.0,1.0,0.0,0.0,8
868,0.0,0.711,0.289,0.7073,13
869,0.0,1.0,0.0,0.0,6
870,0.73,0.27,0.0,-0.6597,4
871,0.0,1.0,0.0,0.0,4
872,0.0,1.0,0.0,0.0,22
873,0.0,0.693,0.307,0.8126,23
874,0.0,0.734,0.266,0.4404,9
875,0.0,1.0,0.0,0.0,13
876,0.0,1.0,0.0,0.0,10
877,0.0,1.0,0.0,0.0,2
878,0.112,0.695,0.193,0.3612,17
879,0.0,1.0,0.0,0.0,2
880,0.0,0.686,0.314,0.4939,8
881,0.0,1.0,0.0,0.0,2
882,0.0,1.0,0.0,0.0,14
883,0.0,1.0,0.0,0.0,14
884,0.0,1.0,0.0,0.0,8
885,0.0,1.0,0.0,0.0,8
886,0.167,0.833,0.0,-0.34,13
887,0.31,0.69,0.0,-0.2023,6
888,0.0,1.0,0.0,0.0,3
889,0.0,1.0,0.0,0.0,3
890,0.0,1.0,0.0,0.0,1
891,0.0,1.0,0.0,0.0,2
892,0.0,1.0,0.0,0.0,2
893,0.0,1.0,0.0,0.0,2
894,0.0,1.0,0.0,0.0,1
895,0.0,1.0,0.0,0.0,2
896,0.0,1.0,0.0,0.0,2
897,0.0,1.0,0.0,0.0,2
898,0.0,0.377,0.623,0.5106,3
899,0.0,1.0,0.0,0.0,2
900,0.0,1.0,0.0,0.0,3
901,0.0,1.0,0.0,0.0,3
902,0.452,0.0,0.548,0.1027,2
903,0.0,1.0,0.0,0.0,2
904,0.0,1.0,0.0,0.0,5
905,0.0,1.0,0.0,0.0,5
906,0.0,1.0,0.0,0.0,5
907,0.0,1.0,0.0,0.0,5
908,0.0,1.0,0.0,0.0,3
909,0.0,1.0,0.0,0.0,4
910,0.0,1.0,0.0,0.0,7
911,0.0,1.0,0.0,0.0,2
912,0.0,0.854,0.146,0.4404,21
913,0.0,1.0,0.0,0.0,2
914,0.0,1.0,0.0,0.0,5
915,0.0,1.0,0.0,0.0,7
916,0.0,1.0,0.0,0.0,12
917,0.0,1.0,0.0,0.0,7
918,0.0,1.0,0.0,0.0,6
919,0.0,0.824,0.176,0.4939,16
920,0.0,1.0,0.0,0.0,5
921,0.4,0.6,0.0,-0.25,4
922,0.0,1.0,0.0,0.0,3
923,0.167,0.833,0.0,-0.296,12
924,0.182,0.818,0.0,-0.25,10
925,0.0,1.0,0.0,0.0,5
926,0.0,1.0,0.0,0.0,4
927,0.0,1.0,0.0,0.0,4
928,0.0,1.0,0.0,0.0,6
929,0.053,0.947,0.0,-0.1027,29
930,0.0,1.0,0.0,0.0,11
931,0.0,1.0,0.0,0.0,8
932,0.0,1.0,0.0,0.0,3
933,0.0,1.0,0.0,0.0,5
934,0.0,1.0,0.0,0.0,3
935,0.0,1.0,0.0,0.0,5
936,0.432,0.36,0.209,-0.4767,9
937,0.0,1.0,0.0,0.0,6
938,0.0,1.0,0.0,0.0,6
939,0.0,1.0,0.0,0.0,6
940,0.0,1.0,0.0,0.0,5
941,0.0,1.0,0.0,0.0,4
942,0.0,1.0,0.0,0.0,7
943,0.0,1.0,0.0,0.0,3
944,0.0,0.563,0.437,0.4767,5
945,0.0,0.741,0.259,0.1027,5
946,0.0,1.0,0.0,0.0,5
947,0.0,1.0,0.0,0.0,6
948,0.0,1.0,0.0,0.0,3
949,0.0,1.0,0.0,0.0,3
950,0.0,1.0,0.0,0.0,5
951,0.0,1.0,0.0,0.0,3
952,0.0,1.0,0.0,0.0,5
953,0.0,1.0,0.0,0.0,5
954,0.0,1.0,0.0,0.0,4
955,0.0,1.0,0.0,0.0,8
956,0.0,1.0,0.0,0.0,32
957,0.0,1.0,0.0,0.0,15
958,0.0,0.896,0.104,0.4404,27
959,0.0,1.0,0.0,0.0,4
960,0.0,1.0,0.0,0.0,6
961,0.0,1.0,0.0,0.0,8
962,0.0,0.244,0.756,0.4767,2
963,0.0,1.0,0.0,0.0,12
964,0.643,0.357,0.0,-0.5574,3
965,0.087,0.913,0.0,-0.2748,24
966,0.0,1.0,0.0,0.0,4
967,0.0,0.563,0.437,0.3252,4
968,0.0,1.0,0.0,0.0,9
969,0.0,1.0,0.0,0.0,19
970,0.0,1.0,0.0,0.0,5
971,0.0,1.0,0.0,0.0,7
972,0.0,1.0,0.0,0.0,7
973,0.194,0.806,0.0,-0.0516,6
974,0.0,1.0,0.0,0.0,2
975,0.0,1.0,0.0,0.0,5
976,0.0,1.0,0.0,0.0,5
977,0.0,1.0,0.0,0.0,17
978,0.0,1.0,0.0,0.0,5
979,0.0,1.0,0.0,0.0,7
980,0.0,1.0,0.0,0.0,7
981,0.0,1.0,0.0,0.0,7
982,0.0,1.0,0.0,0.0,10
983,0.0,1.0,0.0,0.0,4
984,0.0,1.0,0.0,0.0,4
985,0.107,0.893,0.0,-0.0516,12
986,0.0,1.0,0.0,0.0,10
987,0.0,1.0,0.0,0.0,14
988,0.0,1.0,0.0,0.0,13
989,0.0,1.0,0.0,0.0,7
990,0.0,0.833,0.167,0.4939,18
991,0.0,1.0,0.0,0.0,6
992,0.0,1.0,0.0,0.0,4
993,0.0,0.687,0.313,0.6249,10
994,0.0,1.0,0.0,0.0,8
995,0.167,0.833,0.0,-0.0516,7
996,0.0,0.714,0.286,0.5574,10
997,0.0,0.905,0.095,0.2263,19
998,0.0,1.0,0.0,0.0,9
999,0.0,1.0,0.0,0.0,4
1000,0.174,0.826,0.0,-0.2755,11
1001,0.0,0.756,0.244,0.6369,15
1002,0.0,0.82,0.18,0.5106,16
1003,0.0,0.794,0.206,0.5214,14
1004,0.0,0.566,0.434,0.3182,5
1005,0.0,0.789,0.211,0.34,11
1006,0.0,1.0,0.0,0.0,5
1007,0.0,1.0,0.0,0.0,5
1008,0.0,1.0,0.0,0.0,19
1009,0.0,1.0,0.0,0.0,7
1010,0.0,1.0,0.0,0.0,5
1011,0.0,1.0,0.0,0.0,3
1012,0.0,1.0,0.0,0.0,3
1013,0.0,1.0,0.0,0.0,2
1014,0.0,0.658,0.342,0.3818,6
1015,0.0,1.0,0.0,0.0,13
1016,0.0,1.0,0.0,0.0,6
1017,0.355,0.645,0.0,-0.296,5
1018,0.0,1.0,0.0,0.0,6
1019,0.0,1.0,0.0,0.0,8
1020,0.0,1.0,0.0,0.0,10
1021,0.0,1.0,0.0,0.0,4
1022,0.0,1.0,0.0,0.0,7
1023,0.0,1.0,0.0,0.0,14
1024,0.0,1.0,0.0,0.0,9
1025,0.0,1.0,0.0,0.0,6
1026,0.0,0.41,0.59,0.6962,6
1027,0.0,1.0,0.0,0.0,6
1028,0.0,0.828,0.172,0.3612,14
1029,0.0,0.759,0.241,0.5859,14
1030,0.0,0.649,0.351,0.4019,6
1031,0.483,0.517,0.0,-0.4215,4
1032,0.102,0.592,0.306,0.5848,16
1033,0.0,1.0,0.0,0.0,6
1034,0.0,1.0,0.0,0.0,8
1035,0.0,1.0,0.0,0.0,16
1036,0.467,0.533,0.0,-0.6435,8
1037,0.0,0.762,0.238,0.3612,9
1038,0.0,1.0,0.0,0.0,6
1039,0.0,0.517,0.483,0.6808,8
1040,0.231,0.769,0.0,-0.34,9
1041,0.0,1.0,0.0,0.0,4
1042,0.0,0.533,0.467,0.7184,11
1043,0.0,1.0,0.0,0.0,11
1044,0.0,1.0,0.0,0.0,3
1045,0.0,1.0,0.0,0.0,9
1046,0.0,1.0,0.0,0.0,6
1047,0.0,1.0,0.0,0.0,22
1048,0.0,1.0,0.0,0.0,9
1049,0.0,1.0,0.0,0.0,5
1050,0.0,1.0,0.0,0.0,5
1051,0.0,1.0,0.0,0.0,5
1052,0.0,1.0,0.0,0.0,9
1053,0.0,0.6,0.4,0.7184,11
1054,0.0,1.0,0.0,0.0,5
1055,0.0,1.0,0.0,0.0,9
1056,0.0,0.758,0.242,0.4939,11
1057,0.0,1.0,0.0,0.0,4
1058,0.0,1.0,0.0,0.0,11
1059,0.0,1.0,0.0,0.0,5
1060,0.0,1.0,0.0,0.0,5
1061,0.0,1.0,0.0,0.0,9
1062,0.0,1.0,0.0,0.0,8
1063,0.0,1.0,0.0,0.0,5
1064,0.0,1.0,0.0,0.0,1
1065,0.0,1.0,0.0,0.0,3
1066,0.0,1.0,0.0,0.0,1
1067,0.0,1.0,0.0,0.0,5
1068,0.0,1.0,0.0,0.0,3
1069,0.0,1.0,0.0,0.0,13
1070,0.0,1.0,0.0,0.0,14
1071,0.146,0.854,0.0,-0.0516,9
1072,0.071,0.929,0.0,-0.3182,33
1073,0.0,1.0,0.0,0.0,32
1074,0.0,1.0,0.0,0.0,14
1075,0.059,0.941,0.0,-0.0516,20
1076,0.0,0.612,0.388,0.4215,8
1077,0.0,1.0,0.0,0.0,18
1078,0.0,0.682,0.318,0.4939,12
1079,0.098,0.673,0.229,0.6486,25
1080,0.0,0.633,0.367,0.7003,12
1081,0.0,1.0,0.0,0.0,11
1082,0.231,0.769,0.0,-0.5994,14
1083,0.0,1.0,0.0,0.0,13
1084,0.0,1.0,0.0,0.0,3
1085,0.056,0.853,0.092,0.2748,28
1086,0.0,0.772,0.228,0.7346,26
1087,0.044,0.86,0.097,0.5423,63
1088,0.0,0.84,0.16,0.4215,24
1089,0.0,0.886,0.114,0.4497,25
1090,0.0,1.0,0.0,0.0,10
1091,0.0,0.481,0.519,0.6597,8
1092,0.0,1.0,0.0,0.0,2
1093,0.181,0.819,0.0,-0.9742,126
1094,0.0,1.0,0.0,0.0,21
1095,0.0,1.0,0.0,0.0,5
1096,0.0,1.0,0.0,0.0,12
1097,0.0,1.0,0.0,0.0,16
1098,0.0,1.0,0.0,0.0,12
1099,0.0,1.0,0.0,0.0,15
1100,0.0,1.0,0.0,0.0,13
1101,0.0,1.0,0.0,0.0,8
1102,0.0,1.0,0.0,0.0,9
1103,0.0,0.597,0.403,0.6597,12
1104,0.0,1.0,0.0,0.0,3
1105,0.0,1.0,0.0,0.0,10
1106,0.0,1.0,0.0,0.0,17
1107,0.197,0.803,0.0,-0.4019,12
1108,0.184,0.816,0.0,-0.2023,11
1109,0.0,1.0,0.0,0.0,10
1110,0.0,0.597,0.403,0.4019,5
1111,0.524,0.476,0.0,-0.296,3
1112,0.0,1.0,0.0,0.0,6
1113,0.313,0.687,0.0,-0.6023,17
1114,0.268,0.732,0.0,-0.296,8
1115,0.306,0.694,0.0,-0.296,6
1116,0.234,0.766,0.0,-0.0572,6
1117,0.0,1.0,0.0,0.0,7
1118,0.0,1.0,0.0,0.0,15
1119,0.0,1.0,0.0,0.0,5
1120,0.234,0.766,0.0,-0.0572,5
1121,0.0,1.0,0.0,0.0,6
1122,0.072,0.928,0.0,-0.1027,20
1123,0.196,0.804,0.0,-0.0572,6
1124,0.0,1.0,0.0,0.0,13
1125,0.0,0.8,0.2,0.128,7
1126,0.196,0.804,0.0,-0.0572,7
1127,0.529,0.471,0.0,-0.5209,4
1128,0.0,1.0,0.0,0.0,5
1129,0.0,1.0,0.0,0.0,4
1130,0.0,0.601,0.399,0.8519,19
1131,0.0,1.0,0.0,0.0,19
1132,0.0,1.0,0.0,0.0,19
1133,0.0,1.0,0.0,0.0,10
1134,0.0,0.738,0.262,0.5994,13
1135,0.0,1.0,0.0,0.0,5
1136,0.0,1.0,0.0,0.0,5
1137,0.0,0.745,0.255,0.34,8
1138,0.0,1.0,0.0,0.0,10
1139,0.0,0.758,0.242,0.4939,12
1140,0.423,0.577,0.0,-0.296,4
1141,0.0,1.0,0.0,0.0,10
1142,0.231,0.769,0.0,-0.2023,7
1143,0.0,0.704,0.296,0.6369,11
1144,0.256,0.744,0.0,-0.4767,10
1145,0.0,1.0,0.0,0.0,6
1146,0.0,1.0,0.0,0.0,12
1147,0.0,0.469,0.531,0.5267,4
1148,0.0,1.0,0.0,0.0,15
1149,0.0,1.0,0.0,0.0,18
1150,0.0,1.0,0.0,0.0,12
1151,0.0,1.0,0.0,0.0,12
1152,0.0,1.0,0.0,0.0,9
1153,0.0,1.0,0.0,0.0,13
1154,0.057,0.82,0.123,0.4767,30
1155,0.0,1.0,0.0,0.0,8
1156,0.0,1.0,0.0,0.0,11
1157,0.0,0.448,0.552,0.5719,4
1158,0.061,0.939,0.0,-0.296,37
1159,0.0,0.687,0.313,0.6249,10
1160,0.0,1.0,0.0,0.0,4
1161,0.0,1.0,0.0,0.0,5
1162,0.0,1.0,0.0,0.0,11
1163,0.341,0.659,0.0,-0.4767,7
1164,0.0,1.0,0.0,0.0,7
1165,0.0,1.0,0.0,0.0,4
1166,0.0,1.0,0.0,0.0,4
1167,0.0,1.0,0.0,0.0,1
1168,0.0,0.727,0.273,0.4588,9
1169,0.0,1.0,0.0,0.0,21
1170,0.252,0.581,0.168,-0.3182,11
1171,0.0,1.0,0.0,0.0,21
1172,0.0,1.0,0.0,0.0,8
1173,0.0,1.0,0.0,0.0,11
1174,0.0,1.0,0.0,0.0,5
1175,0.0,1.0,0.0,0.0,7
1176,0.0,1.0,0.0,0.0,4
1177,0.0,1.0,0.0,0.0,7
1178,0.0,1.0,0.0,0.0,7
1179,0.0,1.0,0.0,0.0,6
1180,0.0,1.0,0.0,0.0,10
1181,0.0,1.0,0.0,0.0,4
1182,0.0,1.0,0.0,0.0,2
1183,0.316,0.684,0.0,-0.5719,9
1184,0.235,0.765,0.0,-0.7845,34
1185,0.518,0.482,0.0,-0.6486,5
1186,0.333,0.667,0.0,-0.6705,11
1187,0.518,0.482,0.0,-0.8625,11
1188,0.235,0.765,0.0,-0.6808,18
1189,0.661,0.339,0.0,-0.5994,3
1190,0.0,1.0,0.0,0.0,5
1191,0.109,0.891,0.0,-0.0258,11
1192,0.0,1.0,0.0,0.0,12
1193,0.0,1.0,0.0,0.0,6
1194,0.0,1.0,0.0,0.0,8
1195,0.434,0.566,0.0,-0.6808,7
1196,0.0,1.0,0.0,0.0,2
1197,0.0,1.0,0.0,0.0,1
1198,0.652,0.348,0.0,-0.8176,6
1199,0.0,0.463,0.537,0.7003,8
1200,0.0,1.0,0.0,0.0,9
1201,0.605,0.395,0.0,-0.6808,4
1202,0.0,1.0,0.0,0.0,16
1203,0.0,1.0,0.0,0.0,16
1204,0.0,1.0,0.0,0.0,4
1205,0.0,1.0,0.0,0.0,4
1206,0.0,1.0,0.0,0.0,11
1207,0.0,1.0,0.0,0.0,8
1208,0.0,1.0,0.0,0.0,11
1209,0.0,1.0,0.0,0.0,8
1210,0.0,1.0,0.0,0.0,4
1211,0.262,0.738,0.0,-0.5994,13
1212,0.0,1.0,0.0,0.0,15
1213,0.0,1.0,0.0,0.0,8
1214,0.0,1.0,0.0,0.0,8
1215,0.0,1.0,0.0,0.0,6
1216,0.388,0.612,0.0,-0.6908,11
1217,0.0,1.0,0.0,0.0,4
1218,0.394,0.606,0.0,-0.5994,7
1219,0.281,0.719,0.0,-0.5994,12
1220,0.342,0.439,0.219,-0.34,7
1221,0.0,1.0,0.0,0.0,2
1222,0.0,0.676,0.324,0.34,6
1223,0.0,1.0,0.0,0.0,3
1224,0.0,1.0,0.0,0.0,4
1225,0.0,1.0,0.0,0.0,5
1226,0.321,0.573,0.106,-0.7089,16
1227,0.0,0.945,0.055,0.34,42
1228,0.0,1.0,0.0,0.0,9
1229,0.0,0.877,0.123,0.8316,67
1230,0.068,0.844,0.088,0.1365,25
1231,0.0,0.667,0.333,0.25,5
1232,0.0,0.68,0.32,0.5106,8
1233,0.0,0.818,0.182,0.25,10
1234,0.0,0.828,0.172,0.4404,16
1235,0.0,0.719,0.281,0.5106,14
1236,0.24,0.486,0.274,0.0772,27
1237,0.328,0.672,0.0,-0.5994,9
1238,0.545,0.455,0.0,-0.34,3
1239,0.0,1.0,0.0,0.0,5
1240,0.0,1.0,0.0,0.0,19
1241,0.372,0.556,0.073,-0.743,11
1242,0.32,0.498,0.182,-0.449,9
1243,0.429,0.571,0.0,-0.6705,7
1244,0.529,0.471,0.0,-0.6705,5
1245,0.559,0.441,0.0,-0.8225,9
1246,0.0,1.0,0.0,0.0,10
1247,0.357,0.549,0.094,-0.8271,17
1248,0.47,0.53,0.0,-0.7964,10
1249,0.266,0.734,0.0,-0.5719,15
1250,0.32,0.68,0.0,-0.765,17
1251,0.0,1.0,0.0,0.0,2
1252,0.202,0.798,0.0,-0.5106,14
1253,0.203,0.797,0.0,-0.8555,43
1254,0.352,0.469,0.18,-0.4939,8
1255,0.208,0.692,0.1,-0.34,12
1256,0.688,0.312,0.0,-0.296,2
1257,0.0,1.0,0.0,0.0,9
1258,0.0,1.0,0.0,0.0,6
1259,0.538,0.462,0.0,-0.5423,5
1260,0.0,0.426,0.574,0.6597,7
1261,0.0,0.353,0.647,0.6705,5
1262,0.0,1.0,0.0,0.0,8
1263,0.0,1.0,0.0,0.0,7
1264,0.28,0.58,0.14,-0.4404,15
1265,0.0,1.0,0.0,0.0,11
1266,0.08,0.618,0.302,0.8672,38
1267,0.0,1.0,0.0,0.0,5
1268,0.1,0.716,0.184,0.4124,18
1269,0.0,0.787,0.213,0.7572,28
1270,0.077,0.698,0.224,0.7096,32
1271,0.0,1.0,0.0,0.0,12
1272,0.0,1.0,0.0,0.0,7
1273,0.13,0.87,0.0,-0.4019,20
1274,0.0,0.708,0.292,0.5106,10
1275,0.075,0.824,0.102,0.1027,49
1276,0.0,1.0,0.0,0.0,6
1277,0.0,1.0,0.0,0.0,13
1278,0.0,1.0,0.0,0.0,9
1279,0.08,0.92,0.0,-0.1027,17
1280,0.0,0.839,0.161,0.3612,14
1281,0.0,1.0,0.0,0.0,10
1282,0.0,0.762,0.238,0.3612,9
1283,0.0,1.0,0.0,0.0,3
1284,0.0,0.833,0.167,0.4215,15
1285,0.0,0.93,0.07,0.128,22
1286,0.0,1.0,0.0,0.0,9
1287,0.0,1.0,0.0,0.0,9
1288,0.196,0.804,0.0,-0.5994,17
1289,0.0,1.0,0.0,0.0,28
1290,0.0,1.0,0.0,0.0,6
1291,0.0,1.0,0.0,0.0,3
1292,0.0,1.0,0.0,0.0,2
1293,0.0,0.8,0.2,0.4588,18
1294,0.697,0.303,0.0,-0.5574,4
1295,0.0,0.638,0.362,0.1779,4
1296,0.0,1.0,0.0,0.0,19
1297,0.0,1.0,0.0,0.0,19
1298,0.0,1.0,0.0,0.0,7
1299,0.0,1.0,0.0,0.0,8
1300,0.0,1.0,0.0,0.0,5
1301,0.0,1.0,0.0,0.0,18
1302,0.0,0.864,0.136,0.296,15
1303,0.0,1.0,0.0,0.0,12
1304,0.0,1.0,0.0,0.0,8
1305,0.0,1.0,0.0,0.0,4
1306,0.0,1.0,0.0,0.0,6
1307,0.0,1.0,0.0,0.0,9
1308,0.318,0.682,0.0,-0.1027,4
1309,0.0,1.0,0.0,0.0,7
1310,0.1,0.9,0.0,-0.0572,14
1311,0.0,1.0,0.0,0.0,14
1312,0.0,0.755,0.245,0.6369,19
1313,0.0,1.0,0.0,0.0,7
1314,0.0,1.0,0.0,0.0,7
1315,0.0,1.0,0.0,0.0,8
1316,0.0,1.0,0.0,0.0,14
1317,0.0,1.0,0.0,0.0,9
1318,0.286,0.714,0.0,-0.4215,9
1319,0.0,1.0,0.0,0.0,15
1320,0.286,0.714,0.0,-0.34,7
1321,0.0,1.0,0.0,0.0,48
1322,0.192,0.808,0.0,-0.2263,10
1323,0.255,0.745,0.0,-0.34,8
1324,0.0,1.0,0.0,0.0,4
1325,0.08,0.92,0.0,-0.1027,17
1326,0.0,1.0,0.0,0.0,25
1327,0.0,1.0,0.0,0.0,8
1328,0.138,0.69,0.172,0.1531,17
1329,0.0,1.0,0.0,0.0,11
1330,0.0,0.941,0.059,0.0314,19
1331,0.0,1.0,0.0,0.0,12
1332,0.0,0.675,0.325,0.6486,13
1333,0.0,1.0,0.0,0.0,23
1334,0.146,0.488,0.366,0.5574,12
1335,0.0,0.634,0.366,0.6982,12
1336,0.0,0.783,0.217,0.3612,11
1337,0.0,1.0,0.0,0.0,7
1338,0.0,1.0,0.0,0.0,18
1339,0.0,1.0,0.0,0.0,24
1340,0.0,1.0,0.0,0.0,8
1341,0.0,1.0,0.0,0.0,10
1342,0.0,1.0,0.0,0.0,10
1343,0.097,0.903,0.0,-0.4767,31
1344,0.397,0.603,0.0,-0.6808,10
1345,0.0,1.0,0.0,0.0,18
1346,0.0,1.0,0.0,0.0,4
1347,0.0,1.0,0.0,0.0,13
1348,0.0,1.0,0.0,0.0,9
1349,0.0,0.749,0.251,0.5719,19
1350,0.0,0.476,0.524,0.296,4
1351,0.0,1.0,0.0,0.0,11
1352,0.0,1.0,0.0,0.0,8
1353,0.0,0.914,0.086,0.1531,19
1354,0.0,1.0,0.0,0.0,17
1355,0.0,1.0,0.0,0.0,15
1356,0.128,0.872,0.0,-0.2263,14
1357,0.0,1.0,0.0,0.0,5
1358,0.0,1.0,0.0,0.0,15
1359,0.0,1.0,0.0,0.0,17
1360,0.0,1.0,0.0,0.0,17
1361,0.0,1.0,0.0,0.0,6
1362,0.0,1.0,0.0,0.0,7
1363,0.0,1.0,0.0,0.0,5
1364,0.0,1.0,0.0,0.0,10
1365,0.0,1.0,0.0,0.0,18
1366,0.0,1.0,0.0,0.0,9
1367,0.0,1.0,0.0,0.0,7
1368,0.104,0.896,0.0,-0.1027,13
1369,0.0,1.0,0.0,0.0,26
1370,0.149,0.851,0.0,-0.1027,9
1371,0.0,1.0,0.0,0.0,7
1372,0.0,0.667,0.333,0.4588,7
1373,0.0,1.0,0.0,0.0,3
1374,0.0,1.0,0.0,0.0,13
1375,0.0,1.0,0.0,0.0,7
1376,0.0,1.0,0.0,0.0,5
1377,0.0,1.0,0.0,0.0,8
1378,0.0,1.0,0.0,0.0,9
1379,0.0,1.0,0.0,0.0,9
1380,0.0,1.0,0.0,0.0,3
1381,0.0,1.0,0.0,0.0,4
1382,0.0,1.0,0.0,0.0,7
1383,0.0,1.0,0.0,0.0,12
1384,0.0,1.0,0.0,0.0,6
1385,0.0,1.0,0.0,0.0,7
1386,0.0,0.84,0.16,0.2732,13
1387,0.227,0.599,0.174,-0.2466,14
1388,0.0,1.0,0.0,0.0,21
1389,0.0,1.0,0.0,0.0,6
1390,0.0,1.0,0.0,0.0,4
1391,0.0,1.0,0.0,0.0,11
1392,0.0,1.0,0.0,0.0,3
1393,0.0,1.0,0.0,0.0,11
1394,0.329,0.353,0.318,-0.0258,6
1395,0.0,0.714,0.286,0.4939,9
1396,0.392,0.32,0.288,-0.0772,8
1397,0.0,1.0,0.0,0.0,8
1398,0.0,0.829,0.171,0.5423,22
1399,0.0,1.0,0.0,0.0,4
1400,0.0,1.0,0.0,0.0,11
1401,0.0,0.811,0.189,0.5423,16
1402,0.0,0.556,0.444,0.6808,9
1403,0.246,0.754,0.0,-0.5994,21
1404,0.0,1.0,0.0,0.0,10
1405,0.0,1.0,0.0,0.0,3
1406,0.0,1.0,0.0,0.0,23
1407,0.0,1.0,0.0,0.0,5
1408,0.083,0.71,0.207,0.4767,16
1409,0.0,1.0,0.0,0.0,9
1410,0.0,0.762,0.238,0.3612,9
1411,0.172,0.828,0.0,-0.3597,16
1412,0.0,1.0,0.0,0.0,16
1413,0.0,1.0,0.0,0.0,5
1414,0.0,0.833,0.167,0.34,14
1415,0.0,0.828,0.172,0.3612,16
1416,0.0,0.762,0.238,0.3612,10
1417,0.118,0.753,0.129,0.0516,17
1418,0.0,0.667,0.333,0.6115,15
1419,0.245,0.755,0.0,-0.3818,11
1420,0.0,1.0,0.0,0.0,6
1421,0.0,0.824,0.176,0.7506,35
1422,0.0,1.0,0.0,0.0,4
1423,0.148,0.443,0.409,0.5472,10
1424,0.0,0.61,0.39,0.4939,6
1425,0.0,1.0,0.0,0.0,6
1426,0.064,0.668,0.267,0.7322,23
1427,0.0,1.0,0.0,0.0,5
1428,0.0,0.69,0.31,0.4019,8
1429,0.145,0.855,0.0,-0.296,18
1430,0.0,0.828,0.172,0.3612,14
1431,0.0,1.0,0.0,0.0,1
1432,0.0,1.0,0.0,0.0,32
1433,0.0,0.85,0.15,0.3182,16
1434,0.0,0.871,0.129,0.5023,25
1435,0.0,0.775,0.225,0.4404,14
1436,0.32,0.562,0.118,-0.5574,14
1437,0.0,0.752,0.248,0.5106,11
1438,0.0,1.0,0.0,0.0,30
1439,0.0,0.833,0.167,0.2023,11
1440,0.0,1.0,0.0,0.0,25
1441,0.0,1.0,0.0,0.0,11
1442,0.06,0.812,0.128,0.3818,25
1443,0.0,0.906,0.094,0.3612,26
1444,0.0,1.0,0.0,0.0,6
1445,0.0,1.0,0.0,0.0,41
1446,0.0,1.0,0.0,0.0,16
1447,0.252,0.748,0.0,-0.4005,11
1448,0.0,0.673,0.327,0.7783,17
1449,0.0,1.0,0.0,0.0,7
1450,0.137,0.526,0.337,0.5859,17
1451,0.0,1.0,0.0,0.0,9
1452,0.0,1.0,0.0,0.0,10
1453,0.0,1.0,0.0,0.0,6
1454,0.0,1.0,0.0,0.0,1
1455,0.0,1.0,0.0,0.0,6
1456,0.0,1.0,0.0,0.0,11
1457,0.0,1.0,0.0,0.0,3
1458,0.0,1.0,0.0,0.0,7
1459,0.0,1.0,0.0,0.0,9
1460,0.0,1.0,0.0,0.0,15
1461,0.0,0.707,0.293,0.4404,8
1462,0.103,0.748,0.15,0.25,19
1463,0.0,1.0,0.0,0.0,11
1464,0.113,0.887,0.0,-0.1027,12
1465,0.066,0.934,0.0,-0.0516,20
1466,0.0,1.0,0.0,0.0,12
1467,0.0,1.0,0.0,0.0,4
1468,0.0,1.0,0.0,0.0,7
1469,0.444,0.556,0.0,-0.34,4
1470,0.0,1.0,0.0,0.0,14
1471,0.0,0.953,0.047,0.4404,65
1472,0.0,0.758,0.242,0.4939,11
1473,0.0,0.571,0.429,0.4588,5
1474,0.0,1.0,0.0,0.0,6
1475,0.137,0.777,0.086,-0.2263,33
1476,0.0,0.784,0.216,0.296,9
1477,0.5,0.5,0.0,-0.25,3
1478,0.0,0.845,0.155,0.296,13
1479,0.0,1.0,0.0,0.0,4
1480,0.0,1.0,0.0,0.0,7
1481,0.0,1.0,0.0,0.0,5
1482,0.0,1.0,0.0,0.0,4
1483,0.0,1.0,0.0,0.0,10
1484,0.142,0.858,0.0,-0.5859,34
1485,0.147,0.629,0.224,0.2732,11
1486,0.0,1.0,0.0,0.0,15
1487,0.288,0.712,0.0,-0.4284,8
1488,0.0,1.0,0.0,0.0,8
1489,0.0,1.0,0.0,0.0,3
1490,0.0,0.536,0.464,0.3818,4
1491,0.0,1.0,0.0,0.0,4
1492,0.45,0.55,0.0,-0.5994,8
1493,0.525,0.475,0.0,-0.7741,10
1494,0.15,0.85,0.0,-0.3182,14
1495,0.455,0.389,0.156,-0.5606,10
1496,0.076,0.924,0.0,-0.1027,19
1497,0.595,0.405,0.0,-0.8834,10
1498,0.0,1.0,0.0,0.0,17
1499,0.0,0.855,0.145,0.296,15
1500,0.237,0.763,0.0,-0.4767,13
1501,0.0,1.0,0.0,0.0,7
1502,0.139,0.506,0.354,0.5267,11
1503,0.103,0.739,0.158,0.2732,18
1504,0.0,0.844,0.156,0.8271,55
1505,0.0,1.0,0.0,0.0,11
1506,0.0,1.0,0.0,0.0,28
1507,0.0,1.0,0.0,0.0,22
1508,0.0,0.876,0.124,0.34,20
1509,0.0,0.917,0.083,0.4215,33
1510,0.0,0.933,0.067,0.3612,37
1511,0.0,0.926,0.074,0.659,60
1512,0.0,0.896,0.104,0.4404,29
1513,0.0,0.905,0.095,0.25,21
1514,0.0,0.926,0.074,0.25,27
1515,0.0,0.905,0.095,0.25,20
1516,0.0,0.796,0.204,0.3182,10
1517,0.0,0.891,0.109,0.4215,24
1518,0.0,1.0,0.0,0.0,8
1519,0.0,1.0,0.0,0.0,11
1520,0.0,0.931,0.069,0.4215,39
1521,0.0,0.885,0.115,0.5023,27
1522,0.0,1.0,0.0,0.0,7
1523,0.105,0.64,0.256,0.7351,29
1524,0.0,0.95,0.05,0.0258,24
1525,0.0,1.0,0.0,0.0,2
1526,0.0,0.811,0.189,0.8374,39
1527,0.115,0.779,0.107,-0.0498,23
1528,0.049,0.951,0.0,-0.0772,26
1529,0.133,0.867,0.0,-0.25,14
1530,0.173,0.827,0.0,-0.6597,22
1531,0.0,1.0,0.0,0.0,20
1532,0.0,1.0,0.0,0.0,7
1533,0.0,1.0,0.0,0.0,3
1534,0.0,1.0,0.0,0.0,6
1535,0.223,0.777,0.0,-0.3182,9
1536,0.328,0.672,0.0,-0.5994,9
1537,0.358,0.642,0.0,-0.5994,8
1538,0.0,1.0,0.0,0.0,7
1539,0.0,1.0,0.0,0.0,4
1540,0.0,1.0,0.0,0.0,4
1541,0.0,1.0,0.0,0.0,4
1542,0.076,0.924,0.0,-0.2263,26
1543,0.268,0.732,0.0,-0.296,7
1544,0.361,0.164,0.475,0.1779,3
1545,0.0,1.0,0.0,0.0,4
1546,0.0,1.0,0.0,0.0,10
1547,0.4,0.6,0.0,-0.5664,9
1548,0.0,1.0,0.0,0.0,7
1549,0.0,1.0,0.0,0.0,3
1550,0.0,1.0,0.0,0.0,10
1551,0.0,1.0,0.0,0.0,4
1552,0.0,1.0,0.0,0.0,9
1553,0.0,1.0,0.0,0.0,1
1554,0.0,0.704,0.296,0.2732,6
1555,0.0,1.0,0.0,0.0,1
1556,0.62,0.38,0.0,-0.5994,5
1557,0.0,1.0,0.0,0.0,8
1558,0.0,1.0,0.0,0.0,6
1559,0.341,0.659,0.0,-0.7351,15
1560,0.0,1.0,0.0,0.0,7
1561,0.0,0.545,0.455,0.3612,4
1562,0.0,1.0,0.0,0.0,6
1563,0.0,1.0,0.0,0.0,4
1564,0.0,1.0,0.0,0.0,7
1565,0.205,0.795,0.0,-0.2023,8
1566,0.0,1.0,0.0,0.0,4
1567,0.239,0.761,0.0,-0.296,8
1568,0.0,1.0,0.0,0.0,5
1569,0.0,1.0,0.0,0.0,5
1570,0.0,1.0,0.0,0.0,6
1571,0.0,1.0,0.0,0.0,4
1572,0.0,1.0,0.0,0.0,6
1573,0.0,0.896,0.104,0.4404,29
1574,0.0,1.0,0.0,0.0,5
1575,0.0,1.0,0.0,0.0,4
1576,0.0,1.0,0.0,0.0,2
1577,0.0,0.588,0.412,0.4939,9
1578,0.0,1.0,0.0,0.0,3
1579,0.0,0.488,0.512,0.2732,3
1580,0.0,1.0,0.0,0.0,5
1581,0.0,1.0,0.0,0.0,5
1582,0.333,0.342,0.325,-0.0258,6
1583,0.0,1.0,0.0,0.0,4
1584,0.0,1.0,0.0,0.0,3
1585,0.0,1.0,0.0,0.0,16
1586,0.0,1.0,0.0,0.0,6
1587,0.0,1.0,0.0,0.0,7
1588,0.0,1.0,0.0,0.0,12
1589,0.245,0.755,0.0,-0.4449,10
1590,0.0,1.0,0.0,0.0,3
1591,0.0,1.0,0.0,0.0,4
1592,0.474,0.526,0.0,-0.4019,4
1593,0.0,1.0,0.0,0.0,6
1594,0.0,1.0,0.0,0.0,8
1595,0.0,1.0,0.0,0.0,5
1596,0.0,1.0,0.0,0.0,5
1597,0.0,0.556,0.444,0.4588,8
1598,0.0,1.0,0.0,0.0,4
1599,0.0,0.725,0.275,0.2263,6
1600,0.0,1.0,0.0,0.0,2
1601,0.0,1.0,0.0,0.0,11
1602,0.0,1.0,0.0,0.0,3
1603,0.0,1.0,0.0,0.0,2
1604,0.0,1.0,0.0,0.0,3
1605,0.0,0.69,0.31,0.4019,7
1606,0.0,1.0,0.0,0.0,5
1607,0.0,1.0,0.0,0.0,9
1608,0.0,1.0,0.0,0.0,9
1609,0.0,1.0,0.0,0.0,5
1610,0.0,1.0,0.0,0.0,8
1611,0.0,1.0,0.0,0.0,7
1612,0.0,1.0,0.0,0.0,4
1613,0.0,1.0,0.0,0.0,2
1614,0.0,1.0,0.0,0.0,7
1615,0.0,1.0,0.0,0.0,4
1616,0.0,1.0,0.0,0.0,4
1617,0.0,1.0,0.0,0.0,3
1618,0.0,1.0,0.0,0.0,5
1619,0.0,1.0,0.0,0.0,4
1620,0.0,1.0,0.0,0.0,2
1621,0.0,1.0,0.0,0.0,4
1622,0.0,1.0,0.0,0.0,4
1623,0.0,1.0,0.0,0.0,7
1624,0.0,1.0,0.0,0.0,13
1625,0.0,1.0,0.0,0.0,7
1626,0.0,1.0,0.0,0.0,5
1627,0.565,0.435,0.0,-0.5994,4
1628,0.0,1.0,0.0,0.0,3
1629,0.608,0.392,0.0,-0.4767,3
1630,0.0,0.667,0.333,0.25,5
1631,0.211,0.789,0.0,-0.34,11
1632,0.492,0.508,0.0,-0.4404,4
1633,0.0,1.0,0.0,0.0,7
1634,0.0,1.0,0.0,0.0,4
1635,0.388,0.612,0.0,-0.2263,4
1636,0.0,1.0,0.0,0.0,8
1637,0.0,1.0,0.0,0.0,12
1638,0.0,0.323,0.677,0.6369,3
1639,0.0,1.0,0.0,0.0,8
1640,0.0,0.859,0.141,0.2023,14
1641,0.149,0.851,0.0,-0.2748,14
1642,0.0,1.0,0.0,0.0,6
1643,0.0,1.0,0.0,0.0,11
1644,0.0,0.759,0.241,0.2263,7
1645,0.239,0.761,0.0,-0.296,8
1646,0.0,1.0,0.0,0.0,15
1647,0.0,0.794,0.206,0.2075,8
1648,0.0,1.0,0.0,0.0,9
1649,0.0,0.641,0.359,0.4215,6
1650,0.0,0.714,0.286,0.25,7
1651,0.0,0.75,0.25,0.25,8
1652,0.0,0.667,0.333,0.25,6
1653,0.0,1.0,0.0,0.0,4
1654,0.0,0.816,0.184,0.2023,9
1655,0.0,0.735,0.265,0.2023,6
1656,0.0,1.0,0.0,0.0,3
1657,0.0,1.0,0.0,0.0,3
1658,0.0,1.0,0.0,0.0,3
1659,0.0,1.0,0.0,0.0,3
1660,0.0,1.0,0.0,0.0,3
1661,0.18,0.82,0.0,-0.296,11
1662,0.333,0.667,0.0,-0.3612,7
1663,0.0,1.0,0.0,0.0,8
1664,0.0,1.0,0.0,0.0,13
1665,0.0,1.0,0.0,0.0,6
1666,0.0,1.0,0.0,0.0,4
1667,0.0,1.0,0.0,0.0,7
1668,0.0,1.0,0.0,0.0,5
1669,0.0,1.0,0.0,0.0,47
1670,0.131,0.765,0.104,-0.128,16
1671,0.0,0.908,0.092,0.5023,35
1672,0.063,0.871,0.066,0.0243,35
1673,0.097,0.75,0.153,0.2003,30
1674,0.152,0.707,0.141,-0.1027,33
1675,0.23,0.77,0.0,-0.6696,18
1676,0.0,0.545,0.455,0.3612,4
1677,0.0,0.408,0.592,0.4404,4
1678,0.0,0.811,0.189,0.7717,36
1679,0.0,1.0,0.0,0.0,39
1680,0.0,0.851,0.149,0.4215,18
1681,0.0,1.0,0.0,0.0,3
1682,0.0,0.786,0.214,0.4588,15
1683,0.0,1.0,0.0,0.0,5
1684,0.0,1.0,0.0,0.0,10
1685,0.0,0.783,0.217,0.3612,12
1686,0.204,0.796,0.0,-0.3182,12
1687,0.095,0.905,0.0,-0.2755,22
1688,0.0,1.0,0.0,0.0,6
1689,0.0,1.0,0.0,0.0,10
1690,0.0,1.0,0.0,0.0,8
1691,0.0,0.727,0.273,0.5975,17
1692,0.0,0.256,0.744,0.4404,3
1693,0.0,1.0,0.0,0.0,9
1694,0.121,0.792,0.087,-0.2263,26
1695,0.0,0.791,0.209,0.4404,13
1696,0.0,0.828,0.172,0.4404,15
1697,0.0,1.0,0.0,0.0,5
1698,0.0,1.0,0.0,0.0,6
1699,0.0,1.0,0.0,0.0,6
1700,0.0,1.0,0.0,0.0,5
1701,0.0,1.0,0.0,0.0,7
1702,0.0,1.0,0.0,0.0,11
1703,0.355,0.645,0.0,-0.296,5
1704,0.306,0.694,0.0,-0.296,6
1705,0.0,1.0,0.0,0.0,6
1706,0.277,0.723,0.0,-0.3182,7
1707,0.0,1.0,0.0,0.0,14
1708,0.216,0.784,0.0,-0.296,10
1709,0.0,1.0,0.0,0.0,6
1710,0.0,1.0,0.0,0.0,6
1711,0.0,1.0,0.0,0.0,12
1712,0.0,1.0,0.0,0.0,1
1713,0.0,1.0,0.0,0.0,11
1714,0.0,1.0,0.0,0.0,9
1715,0.0,1.0,0.0,0.0,9
1716,0.0,1.0,0.0,0.0,5
1717,0.0,0.295,0.705,0.3382,2
1718,0.0,1.0,0.0,0.0,15
1719,0.0,1.0,0.0,0.0,7
1720,0.0,1.0,0.0,0.0,7
1721,0.0,1.0,0.0,0.0,12
1722,0.0,1.0,0.0,0.0,10
1723,0.167,0.641,0.192,0.0516,8
1724,0.078,0.838,0.084,0.0258,17
1725,0.0,1.0,0.0,0.0,9
1726,0.0,1.0,0.0,0.0,7
1727,0.0,0.455,0.545,0.3382,3
1728,0.268,0.732,0.0,-0.5106,13
1729,0.327,0.673,0.0,-0.5267,9
1730,0.206,0.561,0.234,0.0772,8
1731,0.0,1.0,0.0,0.0,8
1732,0.383,0.617,0.0,-0.4767,6
1733,0.0,1.0,0.0,0.0,10
1734,0.0,0.667,0.333,0.128,5
1735,0.235,0.612,0.153,-0.2023,9
1736,0.535,0.465,0.0,-0.3182,3
1737,1.0,0.0,0.0,-0.3182,1
1738,0.0,1.0,0.0,0.0,2
1739,0.324,0.676,0.0,-0.34,7
1740,0.0,1.0,0.0,0.0,5
1741,0.0,0.8,0.2,0.25,9
1742,0.0,1.0,0.0,0.0,15
1743,0.0,1.0,0.0,0.0,7
1744,0.391,0.609,0.0,-0.6705,8
1745,0.0,1.0,0.0,0.0,2
1746,0.815,0.185,0.0,-0.6597,2
1747,0.0,1.0,0.0,0.0,4
1748,0.324,0.676,0.0,-0.34,7
1749,0.0,1.0,0.0,0.0,3
1750,0.0,1.0,0.0,0.0,9
1751,0.815,0.185,0.0,-0.6597,2
1752,0.0,1.0,0.0,0.0,4
1753,0.0,1.0,0.0,0.0,3
1754,0.0,1.0,0.0,0.0,6
1755,0.0,1.0,0.0,0.0,3
1756,0.0,0.615,0.385,0.3612,5
1757,0.0,1.0,0.0,0.0,7
1758,0.0,0.929,0.071,0.0772,18
1759,0.0,1.0,0.0,0.0,9
1760,0.0,0.741,0.259,0.6361,15
1761,0.0,1.0,0.0,0.0,4
1762,0.0,0.0,1.0,0.4404,1
1763,0.182,0.718,0.1,-0.4019,17
1764,0.0,1.0,0.0,0.0,4
1765,0.146,0.854,0.0,-0.0516,8
1766,0.0,1.0,0.0,0.0,7
1767,0.0,0.642,0.358,0.5994,10
1768,0.0,1.0,0.0,0.0,7
1769,0.0,0.819,0.181,0.6361,24
1770,0.0,1.0,0.0,0.0,14
1771,0.0,0.804,0.196,0.5994,17
1772,0.167,0.783,0.05,-0.5719,22
1773,0.075,0.683,0.242,0.5719,14
1774,0.0,1.0,0.0,0.0,9
1775,0.0,1.0,0.0,0.0,4
1776,0.0,1.0,0.0,0.0,23
1777,0.535,0.465,0.0,-0.3182,4
1778,0.697,0.303,0.0,-0.3182,3
1779,0.189,0.755,0.056,-0.5799,33
1780,0.0,1.0,0.0,0.0,7
1781,0.0,1.0,0.0,0.0,10
1782,0.0,1.0,0.0,0.0,13
1783,0.0,1.0,0.0,0.0,11
1784,0.0,1.0,0.0,0.0,6
1785,0.0,1.0,0.0,0.0,8
1786,0.0,1.0,0.0,0.0,9
1787,0.0,0.878,0.122,0.4939,24
1788,0.0,1.0,0.0,0.0,6
1789,0.0,1.0,0.0,0.0,5
1790,0.0,0.719,0.281,0.5994,13
1791,0.0,1.0,0.0,0.0,16
1792,0.0,1.0,0.0,0.0,9
1793,0.0,1.0,0.0,0.0,3
1794,0.065,0.794,0.141,0.4767,25
1795,0.0,1.0,0.0,0.0,10
1796,0.444,0.556,0.0,-0.4939,7
1797,0.683,0.317,0.0,-0.8625,8
1798,0.7,0.3,0.0,-0.7906,6
1799,0.508,0.492,0.0,-0.4767,5
1800,0.453,0.547,0.0,-0.7003,10
1801,0.383,0.617,0.0,-0.4767,7
1802,0.608,0.392,0.0,-0.4767,4
1803,0.608,0.392,0.0,-0.4767,4
1804,0.0,1.0,0.0,0.0,4
1805,0.0,1.0,0.0,0.0,11
1806,0.0,1.0,0.0,0.0,5
1807,0.0,1.0,0.0,0.0,4
1808,0.025,0.782,0.193,0.8807,49
1809,0.0,1.0,0.0,0.0,7
1810,0.0,0.741,0.259,0.4215,9
1811,0.0,1.0,0.0,0.0,10
1812,0.0,1.0,0.0,0.0,6
1813,0.0,1.0,0.0,0.0,13
1814,0.0,1.0,0.0,0.0,10
1815,0.0,1.0,0.0,0.0,6
1816,0.0,1.0,0.0,0.0,4
1817,0.0,1.0,0.0,0.0,17
1818,0.0,1.0,0.0,0.0,10
1819,0.0,1.0,0.0,0.0,4
1820,0.0,1.0,0.0,0.0,5
1821,0.452,0.548,0.0,-0.5106,5
1822,0.535,0.465,0.0,-0.3182,3
1823,0.342,0.658,0.0,-0.3818,7
1824,0.306,0.694,0.0,-0.296,6
1825,0.0,1.0,0.0,0.0,4
1826,0.0,1.0,0.0,0.0,1
1827,0.0,1.0,0.0,0.0,1
1828,0.0,1.0,0.0,0.0,2
1829,0.108,0.892,0.0,-0.1779,16
1830,0.0,1.0,0.0,0.0,5
1831,0.0,1.0,0.0,0.0,3
1832,0.0,1.0,0.0,0.0,1
1833,0.0,1.0,0.0,0.0,4
1834,0.481,0.519,0.0,-0.5719,5
1835,0.0,1.0,0.0,0.0,5
1836,0.0,1.0,0.0,0.0,2
1837,0.0,1.0,0.0,0.0,1
1838,0.0,1.0,0.0,0.0,1
1839,0.0,0.789,0.211,0.4939,13
1840,0.0,1.0,0.0,0.0,5
1841,0.0,1.0,0.0,0.0,5
1842,0.0,1.0,0.0,0.0,5
1843,0.0,1.0,0.0,0.0,18
1844,0.0,1.0,0.0,0.0,11
1845,0.067,0.933,0.0,-0.2023,26
1846,0.0,1.0,0.0,0.0,12
1847,0.0,0.894,0.106,0.4939,29
1848,0.2,0.8,0.0,-0.25,9
1849,0.0,1.0,0.0,0.0,5
1850,0.0,1.0,0.0,0.0,6
1851,0.0,0.61,0.39,0.4939,6
1852,0.211,0.789,0.0,-0.1531,7
1853,0.0,1.0,0.0,0.0,10
1854,0.0,1.0,0.0,0.0,6
1855,0.0,1.0,0.0,0.0,6
1856,0.0,1.0,0.0,0.0,7
1857,0.0,1.0,0.0,0.0,3
1858,0.0,1.0,0.0,0.0,8
1859,0.0,1.0,0.0,0.0,5
1860,0.0,1.0,0.0,0.0,3
1861,0.0,1.0,0.0,0.0,3
1862,0.0,1.0,0.0,0.0,6
1863,0.0,1.0,0.0,0.0,7
1864,0.268,0.732,0.0,-0.296,7
1865,0.0,1.0,0.0,0.0,5
1866,0.0,1.0,0.0,0.0,5
1867,0.0,1.0,0.0,0.0,7
1868,0.0,0.573,0.427,0.4549,5
1869,0.0,1.0,0.0,0.0,6
1870,0.0,0.75,0.25,0.25,8
1871,0.0,1.0,0.0,0.0,8
1872,0.0,1.0,0.0,0.0,4
1873,0.318,0.682,0.0,-0.1027,5
1874,0.0,1.0,0.0,0.0,3
1875,0.0,1.0,0.0,0.0,8
1876,0.0,1.0,0.0,0.0,4
1877,0.467,0.533,0.0,-0.5423,5
1878,0.0,0.638,0.362,0.6249,13
1879,0.0,0.881,0.119,0.3182,20
1880,0.0,1.0,0.0,0.0,3
1881,0.0,0.5,0.5,0.8402,15
1882,0.0,1.0,0.0,0.0,12
1883,0.0,1.0,0.0,0.0,3
1884,0.0,1.0,0.0,0.0,9
1885,0.0,1.0,0.0,0.0,5
1886,0.0,1.0,0.0,0.0,4
1887,0.0,1.0,0.0,0.0,5
1888,0.0,1.0,0.0,0.0,2
1889,0.0,1.0,0.0,0.0,2
1890,0.0,1.0,0.0,0.0,7
1891,0.0,0.748,0.252,0.5719,14
1892,0.0,1.0,0.0,0.0,7
1893,0.0,1.0,0.0,0.0,3
1894,0.197,0.803,0.0,-0.4019,14
1895,0.0,1.0,0.0,0.0,4
1896,0.0,1.0,0.0,0.0,6
1897,0.0,1.0,0.0,0.0,5
1898,0.434,0.566,0.0,-0.3182,4
1899,0.697,0.303,0.0,-0.3182,2
1900,0.697,0.303,0.0,-0.3182,2
1901,0.0,1.0,0.0,0.0,3
1902,0.0,1.0,0.0,0.0,1
1903,0.0,1.0,0.0,0.0,2
1904,0.508,0.492,0.0,-0.4767,4
1905,0.0,1.0,0.0,0.0,4
1906,0.0,1.0,0.0,0.0,4
1907,0.0,1.0,0.0,0.0,7
1908,0.0,1.0,0.0,0.0,6
1909,0.0,1.0,0.0,0.0,2
1910,0.423,0.577,0.0,-0.296,4
1911,0.345,0.655,0.0,-0.2755,5
1912,0.0,1.0,0.0,0.0,5
1913,0.0,1.0,0.0,0.0,3
1914,0.355,0.645,0.0,-0.5106,8
1915,0.157,0.843,0.0,-0.0772,8
1916,0.0,1.0,0.0,0.0,2
1917,0.286,0.714,0.0,-0.4215,10
1918,0.0,1.0,0.0,0.0,3
1919,0.0,1.0,0.0,0.0,8
1920,0.0,1.0,0.0,0.0,4
1921,0.0,1.0,0.0,0.0,13
1922,0.0,0.667,0.333,0.3612,6
1923,0.0,0.27,0.73,0.4019,2
1924,0.0,0.545,0.455,0.3612,4
1925,0.0,1.0,0.0,0.0,9
1926,0.0,1.0,0.0,0.0,7
1927,0.0,1.0,0.0,0.0,5
1928,0.286,0.714,0.0,-0.4215,8
1929,0.0,1.0,0.0,0.0,57
1930,0.0,1.0,0.0,0.0,7
1931,0.0,1.0,0.0,0.0,8
1932,0.0,1.0,0.0,0.0,4
1933,0.0,1.0,0.0,0.0,9
1934,0.0,1.0,0.0,0.0,9
1935,0.0,1.0,0.0,0.0,19
1936,0.0,0.588,0.412,0.2732,5
1937,0.0,1.0,0.0,0.0,17
1938,0.0,1.0,0.0,0.0,3
1939,0.0,1.0,0.0,0.0,4
1940,0.129,0.629,0.242,0.5267,25
1941,0.0,0.779,0.221,0.7783,28
1942,0.0,1.0,0.0,0.0,8
1943,0.0,1.0,0.0,0.0,7
1944,0.0,1.0,0.0,0.0,13
1945,0.192,0.808,0.0,-0.2263,10
1946,0.0,1.0,0.0,0.0,30
1947,0.0,1.0,0.0,0.0,9
1948,0.0,1.0,0.0,0.0,6
1949,0.036,0.882,0.083,0.5106,67
1950,0.068,0.932,0.0,-0.2263,29
1951,0.071,0.929,0.0,-0.2263,28
1952,0.0,1.0,0.0,0.0,10
1953,0.0,1.0,0.0,0.0,2
1954,0.0,1.0,0.0,0.0,11
1955,0.0,0.748,0.252,0.4019,12
1956,0.0,0.508,0.492,0.4404,4
1957,0.0,1.0,0.0,0.0,3
1958,0.0,1.0,0.0,0.0,6
1959,0.0,1.0,0.0,0.0,5
1960,0.0,0.543,0.457,0.6369,6
1961,0.0,0.323,0.677,0.6369,3
1962,0.0,1.0,0.0,0.0,12
1963,0.0,0.614,0.386,0.2235,4
1964,0.0,1.0,0.0,0.0,6
1965,0.0,1.0,0.0,0.0,11
1966,0.0,0.706,0.294,0.3612,7
1967,0.0,1.0,0.0,0.0,7
1968,0.0,0.679,0.321,0.2235,5
1969,0.0,0.769,0.231,0.2732,8
1970,0.0,1.0,0.0,0.0,17
1971,0.0,1.0,0.0,0.0,12
1972,0.0,1.0,0.0,0.0,2
1973,0.0,1.0,0.0,0.0,2
1974,0.0,1.0,0.0,0.0,4
1975,0.0,1.0,0.0,0.0,4
1976,0.0,1.0,0.0,0.0,4
1977,0.0,1.0,0.0,0.0,2
1978,0.375,0.625,0.0,-0.4585,6
1979,0.0,1.0,0.0,0.0,7
1980,0.0,1.0,0.0,0.0,2
1981,0.0,1.0,0.0,0.0,2
1982,0.0,1.0,0.0,0.0,7
1983,0.0,1.0,0.0,0.0,26
1984,0.0,1.0,0.0,0.0,2
1985,0.174,0.826,0.0,-0.2755,11
1986,0.0,0.597,0.403,0.4019,5
1987,0.0,1.0,0.0,0.0,6
1988,0.0,1.0,0.0,0.0,3
1989,0.0,1.0,0.0,0.0,6
1990,0.0,1.0,0.0,0.0,4
1991,0.0,1.0,0.0,0.0,6
1992,0.0,1.0,0.0,0.0,3
1993,0.0,1.0,0.0,0.0,5
1994,0.0,1.0,0.0,0.0,4
1995,0.0,1.0,0.0,0.0,5
1996,0.0,0.778,0.222,0.25,9
1997,0.0,1.0,0.0,0.0,8
1998,0.0,1.0,0.0,0.0,10
1999,0.0,1.0,0.0,0.0,3
2000,0.0,1.0,0.0,0.0,3
2001,0.0,1.0,0.0,0.0,2
2002,0.0,0.685,0.315,0.3182,6
2003,0.0,1.0,0.0,0.0,4
2004,0.0,1.0,0.0,0.0,2
2005,0.0,1.0,0.0,0.0,4
2006,0.0,1.0,0.0,0.0,4
2007,0.0,1.0,0.0,0.0,2
2008,0.0,1.0,0.0,0.0,6
2009,0.0,1.0,0.0,0.0,2
2010,0.0,1.0,0.0,0.0,5
2011,0.0,1.0,0.0,0.0,2
2012,0.0,1.0,0.0,0.0,2
2013,0.0,1.0,0.0,0.0,4
2014,0.0,1.0,0.0,0.0,4
2015,0.0,1.0,0.0,0.0,4
2016,0.0,1.0,0.0,0.0,5
2017,0.0,1.0,0.0,0.0,3
2018,0.0,1.0,0.0,0.0,6
2019,0.0,1.0,0.0,0.0,7
2020,0.0,1.0,0.0,0.0,10
2021,0.0,1.0,0.0,0.0,6
2022,0.0,1.0,0.0,0.0,10
2023,0.0,1.0,0.0,0.0,11
2024,0.0,1.0,0.0,0.0,16
2025,0.0,1.0,0.0,0.0,8
2026,0.0,1.0,0.0,0.0,10
2027,0.0,1.0,0.0,0.0,14
2028,0.155,0.845,0.0,-0.296,15
2029,0.0,1.0,0.0,0.0,11
2030,0.0,1.0,0.0,0.0,6
2031,0.0,1.0,0.0,0.0,11
2032,0.0,1.0,0.0,0.0,8
2033,0.0,1.0,0.0,0.0,5
2034,0.237,0.763,0.0,-0.4215,11
2035,0.239,0.761,0.0,-0.296,8
2036,0.0,1.0,0.0,0.0,3
2037,0.0,1.0,0.0,0.0,3
2038,0.0,1.0,0.0,0.0,4
2039,0.0,1.0,0.0,0.0,5
2040,0.0,1.0,0.0,0.0,5
2041,0.0,1.0,0.0,0.0,5
2042,0.0,1.0,0.0,0.0,4
2043,0.0,1.0,0.0,0.0,12
2044,0.0,1.0,0.0,0.0,6
2045,0.0,1.0,0.0,0.0,6
2046,0.0,0.578,0.422,0.5248,10
2047,0.0,1.0,0.0,0.0,22
2048,0.0,1.0,0.0,0.0,5
2049,0.0,1.0,0.0,0.0,4
2050,0.0,1.0,0.0,0.0,13
2051,0.0,0.738,0.262,0.4939,10
2052,0.0,1.0,0.0,0.0,8
2053,0.0,1.0,0.0,0.0,25
2054,0.0,1.0,0.0,0.0,14
2055,0.0,1.0,0.0,0.0,8
2056,0.0,1.0,0.0,0.0,16
2057,0.0,1.0,0.0,0.0,9
2058,0.0,1.0,0.0,0.0,22
2059,0.375,0.625,0.0,-0.34,5
2060,0.0,0.863,0.137,0.2263,14
2061,0.0,1.0,0.0,0.0,9
2062,0.0,1.0,0.0,0.0,6
2063,0.0,1.0,0.0,0.0,2
2064,0.688,0.312,0.0,-0.5267,4
2065,0.0,0.678,0.322,0.2263,5
2066,0.11,0.89,0.0,-0.1531,14
2067,0.0,1.0,0.0,0.0,4
2068,0.0,1.0,0.0,0.0,3
2069,0.0,1.0,0.0,0.0,6
2070,0.0,1.0,0.0,0.0,5
2071,0.0,0.888,0.112,0.2263,16
2072,0.0,1.0,0.0,0.0,11
2073,0.109,0.665,0.226,0.1935,13
2074,0.0,1.0,0.0,0.0,9
2075,0.0,0.725,0.275,0.2263,6
2076,0.22,0.61,0.171,-0.1027,7
2077,0.0,1.0,0.0,0.0,5
2078,0.0,1.0,0.0,0.0,11
2079,0.0,1.0,0.0,0.0,7
2080,0.0,0.739,0.261,0.5574,16
2081,0.0,1.0,0.0,0.0,8
2082,0.0,0.678,0.322,0.2263,5
2083,0.0,0.611,0.389,0.6249,11
2084,0.067,0.933,0.0,-0.3182,34
2085,0.0,0.816,0.184,0.4019,14
2086,0.237,0.763,0.0,-0.8271,31
2087,0.0,0.859,0.141,0.6249,27
2088,0.192,0.808,0.0,-0.2263,9
2089,0.545,0.455,0.0,-0.5574,4
2090,0.0,0.733,0.267,0.8442,29
2091,0.0,1.0,0.0,0.0,13
2092,0.084,0.754,0.163,0.5984,44
2093,0.0,0.868,0.132,0.4215,28
2094,0.141,0.859,0.0,-0.3493,24
2095,0.0,0.915,0.085,0.2382,25
2096,0.038,0.912,0.05,0.1027,36
